Country Name,Country Code,Series Name,Series Code,1960,1961,1962,1963,1964,1965,1966,1967,1968,1969,1970,1971,1972,1973,1974,1975,1976,1977,1978,1979,1980,1981,1982,1983,1984,1985,1986,1987,1988,1989,1990,1991,1992,1993,1994,1995,1996,1997,1998,1999,2000,2001,2002,2003,2004,2005,2006,2007,2008,2009,2010,2011,2012,2013,2014,2015,2016,2017,2018,2019,2020,2021,2022,2023,2024,2025
Afghanistan,AFG,"Labor force participation rate, male (% of male population ages 15+) (modeled ILO estimate)",SL.TLF.CACT.MA.ZS,..,..,..,..,..,..,..,..,..,..,..,..,..,..,..,..,..,..,..,..,..,..,..,..,..,..,..,..,..,..,80,80.002,80.025,80,79.96,79.936,79.913,79.91,79.932,79.952,79.943,79.906,79.834,79.737,79.622,79.495,79.35,79.173,78.957,78.714,78.458,78.209,77.975,77.116,76.226,75.308,74.361,73.401,71.37,69.386,66.75,66.843,70.225,70.074,69.954,69.76
Africa Eastern and Southern,AFE,"Labor force participation rate, male (% of male population ages 15+) (modeled ILO estimate)",SL.TLF.CACT.MA.ZS,..,..,..,..,..,..,..,..,..,..,..,..,..,..,..,..,..,..,..,..,..,..,..,..,..,..,..,..,..,..,78.39716186,78.37924658,78.45168214,78.31891792,78.31060453,78.51354915,78.66580301,78.73408389,78.6182217,78.43973994,78.30176961,78.16255027,78.0450359,77.9469778,77.82166451,77.72342686,77.54093266,77.34239289,77.14158484,76.72907401,76.30641601,76.44403946,75.88436216,76.45392672,75.64835477,75.36432149,74.95731298,74.40213561,74.0961491,73.84075645,72.78827481,72.92690506,73.27277677,74.42286443,74.34857566,74.30010978
Africa Western and Central,AFW,"Labor force participation rate, male (% of male population ages 15+) (modeled ILO estimate)",SL.TLF.CACT.MA.ZS,..,..,..,..,..,..,..,..,..,..,..,..,..,..,..,..,..,..,..,..,..,..,..,..,..,..,..,..,..,..,83.5611968,83.73764908,83.8949098,84.03393225,84.13113819,84.08755667,83.89375078,83.71881238,83.58091761,83.38426446,83.08774475,82.86924282,82.53366258,82.27395943,82.0366364,81.78971254,81.50374062,81.21964352,80.90362468,80.67689614,80.30771425,80.15781019,79.86269087,79.57106287,79.2548286,79.02052248,79.05878271,78.59063669,78.46949728,78.32164261,77.11509372,77.48617184,78.24561977,77.5911211,77.43087335,77.3424796
Albania,ALB,"Labor force participation rate, male (% of male population ages 15+) (modeled ILO estimate)",SL.TLF.CACT.MA.ZS,..,..,..,..,..,..,..,..,..,..,..,..,..,..,..,..,..,..,..,..,..,..,..,..,..,..,..,..,..,..,73.901,77.605,78.439,77.319,76.354,74.902,73.918,75.17,74.219,72.916,72.218,71.366,70.902,69.354,67.778,66.178,64.556,62.916,61.259,64.458,63.935,67.629,65.406,61.438,63.307,64.257,65.075,66.75,67.535,68.005,66.795,67.165,68.176,70.068,70.121,70.218
Algeria,DZA,"Labor force participation rate, male (% of male population ages 15+) (modeled ILO estimate)",SL.TLF.CACT.MA.ZS,..,..,..,..,..,..,..,..,..,..,..,..,..,..,..,..,..,..,..,..,..,..,..,..,..,..,..,..,..,..,76.969,77.369,77.436,77.673,77.792,77.524,77.21,76.499,75.816,75.3,74.782,74.285,73.747,73.198,72.701,72.203,71.769,71.355,70.979,70.652,71.142,70.593,69.989,69.345,68.641,68.389,68.384,68.496,68.549,68.544,61.839,62.395,68.157,67.61,66.979,66.409
American Samoa,ASM,"Labor force participation rate, male (% of male population ages 15+) (modeled ILO estimate)",SL.TLF.CACT.MA.ZS,..,..,..,..,..,..,..,..,..,..,..,..,..,..,..,..,..,..,..,..,..,..,..,..,..,..,..,..,..,..,..,..,..,..,..,..,..,..,..,..,..,..,..,..,..,..,..,..,..,..,..,..,..,..,..,..,..,..,..,..,..,..,..,..,..,..
Andorra,AND,"Labor force participation rate, male (% of male population ages 15+) (modeled ILO estimate)",SL.TLF.CACT.MA.ZS,..,..,..,..,..,..,..,..,..,..,..,..,..,..,..,..,..,..,..,..,..,..,..,..,..,..,..,..,..,..,..,..,..,..,..,..,..,..,..,..,..,..,..,..,..,..,..,..,..,..,..,..,..,..,..,..,..,..,..,..,..,..,..,..,..,..
Angola,AGO,"Labor force participation rate, male (% of male population ages 15+) (modeled ILO estimate)",SL.TLF.CACT.MA.ZS,..,..,..,..,..,..,..,..,..,..,..,..,..,..,..,..,..,..,..,..,..,..,..,..,..,..,..,..,..,..,79.015,79.15,79.275,79.39,79.491,79.539,79.54,79.513,79.466,79.416,79.355,79.287,79.217,79.146,79.081,79.031,78.995,78.973,78.969,78.979,78.99,79.899,79.569,79.235,78.897,78.556,78.212,77.863,77.511,77.156,75.392,78.13,76.535,77.588,77.522,77.467
Antigua and Barbuda,ATG,"Labor force participation rate, male (% of male population ages 15+) (modeled ILO estimate)",SL.TLF.CACT.MA.ZS,..,..,..,..,..,..,..,..,..,..,..,..,..,..,..,..,..,..,..,..,..,..,..,..,..,..,..,..,..,..,..,..,..,..,..,..,..,..,..,..,..,..,..,..,..,..,..,..,..,..,..,..,..,..,..,..,..,..,..,..,..,..,..,..,..,..
Arab World,ARB,"Labor force participation rate, male (% of male population ages 15+) (modeled ILO estimate)",SL.TLF.CACT.MA.ZS,..,..,..,..,..,..,..,..,..,..,..,..,..,..,..,..,..,..,..,..,..,..,..,..,..,..,..,..,..,..,74.84658874,74.76821442,74.71466308,75.18160623,75.20167621,74.84281127,74.52600906,74.25669656,73.8615199,74.13964878,73.33518249,72.24821528,71.49725976,71.47943839,71.52305364,71.60582951,71.70831746,71.58530825,71.70996636,71.56572743,72.30431188,72.17971185,71.75341093,71.65899137,71.519256,70.54675893,70.37589103,69.64465232,69.62911366,69.71553736,68.02741112,68.29200366,69.53842991,70.74432029,70.71091816,70.58411461
Argentina,ARG,"Labor force participation rate, male (% of male population ages 15+) (modeled ILO estimate)",SL.TLF.CACT.MA.ZS,..,..,..,..,..,..,..,..,..,..,..,..,..,..,..,..,..,..,..,..,..,..,..,..,..,..,..,..,..,..,76.099,76.281,76.286,76.326,76.19,75.322,75.315,75.593,75.596,75.044,74.795,74.251,73.078,73.843,74.612,74.628,74.522,73.99,73.448,73.392,73.314,73.981,73.258,72.851,72.007,71.478,70.948,70.414,70.466,70.981,65.925,70.836,71.453,71.944,71.769,71.663
Armenia,ARM,"Labor force participation rate, male (% of male population ages 15+) (modeled ILO estimate)",SL.TLF.CACT.MA.ZS,..,..,..,..,..,..,..,..,..,..,..,..,..,..,..,..,..,..,..,..,..,..,..,..,..,..,..,..,..,..,75.384,75.263,74.977,74.524,73.991,73.421,72.833,72.269,71.843,71.561,71.355,71.067,70.671,70.313,70.029,69.833,69.763,69.871,69.672,71.239,71.417,71.355,71.131,71.171,71.196,71.229,71.392,71.123,70.955,68.643,69.839,70.351,69.335,70.32,70.048,69.522
Aruba,ABW,"Labor force participation rate, male (% of male population ages 15+) (modeled ILO estimate)",SL.TLF.CACT.MA.ZS,..,..,..,..,..,..,..,..,..,..,..,..,..,..,..,..,..,..,..,..,..,..,..,..,..,..,..,..,..,..,..,..,..,..,..,..,..,..,..,..,..,..,..,..,..,..,..,..,..,..,..,..,..,..,..,..,..,..,..,..,..,..,..,..,..,..
Australia,AUS,"Labor force participation rate, male (% of male population ages 15+) (modeled ILO estimate)",SL.TLF.CACT.MA.ZS,..,..,..,..,..,..,..,..,..,..,..,..,..,..,..,..,..,..,..,..,..,..,..,..,..,..,..,..,..,..,75.728,74.786,74.271,73.693,73.75,73.943,73.707,73.135,72.827,72.376,72.224,72,71.923,71.662,71.623,72.196,72.33,72.61,72.7,72.369,72.442,72.254,71.813,71.471,71.038,71.176,70.698,70.791,71.144,71.308,70.078,70.927,71.394,71.612,70.918,70.685
Austria,AUT,"Labor force participation rate, male (% of male population ages 15+) (modeled ILO estimate)",SL.TLF.CACT.MA.ZS,..,..,..,..,..,..,..,..,..,..,..,..,..,..,..,..,..,..,..,..,..,..,..,..,..,..,..,..,..,..,69.756,69.961,70.144,69.962,70.367,70.084,69.532,68.896,68.924,69.07,68.746,67.734,67.995,67.936,65.847,65.83,66.123,67,66.95,66.772,66.556,66.3,66.365,66.388,65.921,65.928,66.318,66.244,66.682,66.544,65.75,66.164,66.325,66.13,65.842,65.418
Azerbaijan,AZE,"Labor force participation rate, male (% of male population ages 15+) (modeled ILO estimate)",SL.TLF.CACT.MA.ZS,..,..,..,..,..,..,..,..,..,..,..,..,..,..,..,..,..,..,..,..,..,..,..,..,..,..,..,..,..,..,75.493,75.658,78.479,81.796,84.817,86.626,86.541,85.84,84.602,83.639,82.192,79.639,76.743,75.07,72.305,70.652,68.987,67.964,65.856,64.285,62.086,63.19,64.278,64.777,65.621,66.304,67.59,68.185,68.45,68.278,70.328,66.456,67.616,67.164,66.664,66.02
"Bahamas, The",BHS,"Labor force participation rate, male (% of male population ages 15+) (modeled ILO estimate)",SL.TLF.CACT.MA.ZS,..,..,..,..,..,..,..,..,..,..,..,..,..,..,..,..,..,..,..,..,..,..,..,..,..,..,..,..,..,..,79.277,79.855,80.395,80.892,81.344,81.336,81.307,81.252,81.167,81.051,80.904,80.728,80.524,80.294,80.042,79.775,79.507,79.238,78.981,78.737,78.514,78.331,78.183,78.069,77.989,77.94,77.909,77.912,77.924,77.896,71.322,72.773,77.796,77.621,77.393,77.197
Bahrain,BHR,"Labor force participation rate, male (% of male population ages 15+) (modeled ILO estimate)",SL.TLF.CACT.MA.ZS,..,..,..,..,..,..,..,..,..,..,..,..,..,..,..,..,..,..,..,..,..,..,..,..,..,..,..,..,..,..,88.063,87.975,87.692,87.006,86.312,85.685,85.172,84.796,84.57,84.478,84.499,83.972,82.771,81.661,80.896,81.375,82.237,83.403,84.73,86.07,86.922,86.482,86.699,86.74,86.575,86.695,87.031,87.221,87.075,86.717,84.331,84.137,85.694,86.165,86.006,85.871
Bangladesh,BGD,"Labor force participation rate, male (% of male population ages 15+) (modeled ILO estimate)",SL.TLF.CACT.MA.ZS,..,..,..,..,..,..,..,..,..,..,..,..,..,..,..,..,..,..,..,..,..,..,..,..,..,..,..,..,..,..,87.642,87.607,87.538,87.442,87.319,87.165,86.994,86.853,86.752,86.665,86.59,86.603,86.69,86.764,86.829,86.884,86.946,85.842,84.677,83.447,82.151,82.084,81.995,81.897,81.323,80.736,80.134,81.407,81.141,80.95,80.552,81.332,81.385,81.307,80.592,80.404
Barbados,BRB,"Labor force participation rate, male (% of male population ages 15+) (modeled ILO estimate)",SL.TLF.CACT.MA.ZS,..,..,..,..,..,..,..,..,..,..,..,..,..,..,..,..,..,..,..,..,..,..,..,..,..,..,..,..,..,..,76.829,76.072,75.197,75.647,76.059,76.678,74.74,75.664,75.685,75.67,75.708,75.744,75.682,75.634,76.214,75.859,75.508,75.158,74.782,74.361,73.943,73.531,72.843,73.117,69.834,69.579,70.019,70.242,70.274,68.644,66.908,66.198,70.06,69.329,68.984,68.747
Belarus,BLR,"Labor force participation rate, male (% of male population ages 15+) (modeled ILO estimate)",SL.TLF.CACT.MA.ZS,..,..,..,..,..,..,..,..,..,..,..,..,..,..,..,..,..,..,..,..,..,..,..,..,..,..,..,..,..,..,66.626,66.464,66.666,66.723,67.081,67.462,67.056,66.283,65.845,65.772,66.193,66.502,66.68,66.822,66.934,67.098,67.351,67.674,68.153,68.722,69.281,69.82,70.242,70.57,70.799,70.958,71.104,71.504,71.96,71.369,71.356,71.176,71.38,70.907,70.43,69.858
Belgium,BEL,"Labor force participation rate, male (% of male population ages 15+) (modeled ILO estimate)",SL.TLF.CACT.MA.ZS,..,..,..,..,..,..,..,..,..,..,..,..,..,..,..,..,..,..,..,..,..,..,..,..,..,..,..,..,..,..,60.865,61.239,61.01,60.462,61.09,61.12,60.932,60.639,60.558,61.169,61.437,60.381,60.245,60.158,60.196,61.378,60.852,61.152,60.864,60.424,60.899,59.82,59.826,59.733,59.306,58.954,58.771,58.95,58.793,58.908,58.306,58.93,59.323,59.18,59.298,58.951
Belize,BLZ,"Labor force participation rate, male (% of male population ages 15+) (modeled ILO estimate)",SL.TLF.CACT.MA.ZS,..,..,..,..,..,..,..,..,..,..,..,..,..,..,..,..,..,..,..,..,..,..,..,..,..,..,..,..,..,..,77.586,77.551,77.531,77.538,77.503,78.076,78.624,79.163,77.909,79.091,79.089,79.08,79.071,79.065,79.059,79.052,79.046,79.039,79.03,79.02,78.98,78.914,78.852,78.792,79.601,79.477,79.331,79.267,80.385,82.295,67.857,73.912,73.023,71.049,69.766,71.641
Benin,BEN,"Labor force participation rate, male (% of male population ages 15+) (modeled ILO estimate)",SL.TLF.CACT.MA.ZS,..,..,..,..,..,..,..,..,..,..,..,..,..,..,..,..,..,..,..,..,..,..,..,..,..,..,..,..,..,..,88.703,88.695,88.673,87.728,86.782,85.839,84.868,83.875,82.863,81.831,80.777,79.698,78.592,78.112,77.632,77.155,76.677,76.193,75.71,75.226,74.742,74.257,74.46,74.662,74.865,75.068,75.27,75.473,75.676,75.878,75.99,77.414,77.946,77.762,77.568,77.558
Bermuda,BMU,"Labor force participation rate, male (% of male population ages 15+) (modeled ILO estimate)",SL.TLF.CACT.MA.ZS,..,..,..,..,..,..,..,..,..,..,..,..,..,..,..,..,..,..,..,..,..,..,..,..,..,..,..,..,..,..,..,..,..,..,..,..,..,..,..,..,..,..,..,..,..,..,..,..,..,..,..,..,..,..,..,..,..,..,..,..,..,..,..,..,..,..
Bhutan,BTN,"Labor force participation rate, male (% of male population ages 15+) (modeled ILO estimate)",SL.TLF.CACT.MA.ZS,..,..,..,..,..,..,..,..,..,..,..,..,..,..,..,..,..,..,..,..,..,..,..,..,..,..,..,..,..,..,84.662,84.406,84.095,83.725,83.334,82.896,82.421,81.917,81.373,80.497,79.312,78.127,76.981,75.904,74.906,74.192,73.836,73.591,73.338,73.106,72.182,71.652,65.507,71.231,69.851,69.953,69.701,69.454,69.211,71.203,71.913,72.656,72.112,72.149,71.975,71.784
Bolivia,BOL,"Labor force participation rate, male (% of male population ages 15+) (modeled ILO estimate)",SL.TLF.CACT.MA.ZS,..,..,..,..,..,..,..,..,..,..,..,..,..,..,..,..,..,..,..,..,..,..,..,..,..,..,..,..,..,..,82.544,82.673,82.5,82.392,82.209,82.067,81.934,81.873,81.636,81.4,81.165,80.934,80.717,80.511,80.305,80.099,79.891,79.682,79.472,79.26,79.046,78.832,78.615,78.398,78.179,77.958,77.736,78.106,80.002,82.048,79.507,84.557,84.873,84.357,84.324,84.439
Bosnia and Herzegovina,BIH,"Labor force participation rate, male (% of male population ages 15+) (modeled ILO estimate)",SL.TLF.CACT.MA.ZS,..,..,..,..,..,..,..,..,..,..,..,..,..,..,..,..,..,..,..,..,..,..,..,..,..,..,..,..,..,..,68.075,68.494,68.784,68.654,68.375,67.856,67.315,66.941,66.579,66.274,65.854,65.555,65.156,64.818,64.506,64.202,63.924,63.764,63.697,63.727,63.548,63.545,63.308,62.924,62.643,62.405,62.103,61.715,61.311,60.798,59.199,59.376,60.496,60.624,60.354,59.978
Botswana,BWA,"Labor force participation rate, male (% of male population ages 15+) (modeled ILO estimate)",SL.TLF.CACT.MA.ZS,..,..,..,..,..,..,..,..,..,..,..,..,..,..,..,..,..,..,..,..,..,..,..,..,..,..,..,..,..,..,77.954,77.386,76.881,76.341,75.632,74.758,73.843,72.851,72.047,70.291,68.375,68.182,67.928,67.66,67.424,67.18,66.892,67.907,68.846,69.711,66.701,67.281,67.731,67.986,68.154,68.272,68.391,68.553,68.759,68.999,66.519,69.098,69.363,73.195,73.772,73.978
Brazil,BRA,"Labor force participation rate, male (% of male population ages 15+) (modeled ILO estimate)",SL.TLF.CACT.MA.ZS,..,..,..,..,..,..,..,..,..,..,..,..,..,..,..,..,..,..,..,..,..,..,..,..,..,..,..,..,..,..,85.448,85.468,84.868,84.238,83.578,82.894,80.706,81.388,80.844,80.858,80.217,79.547,79.803,79.444,79.504,79.651,79.282,78.725,78.741,78.666,77.69,76.693,76.43,76.293,75.857,75.709,75.54,75.16,74.881,74.917,71.101,72.914,73.67,73.116,73.602,73.371
British Virgin Islands,VGB,"Labor force participation rate, male (% of male population ages 15+) (modeled ILO estimate)",SL.TLF.CACT.MA.ZS,..,..,..,..,..,..,..,..,..,..,..,..,..,..,..,..,..,..,..,..,..,..,..,..,..,..,..,..,..,..,..,..,..,..,..,..,..,..,..,..,..,..,..,..,..,..,..,..,..,..,..,..,..,..,..,..,..,..,..,..,..,..,..,..,..,..
Brunei Darussalam,BRN,"Labor force participation rate, male (% of male population ages 15+) (modeled ILO estimate)",SL.TLF.CACT.MA.ZS,..,..,..,..,..,..,..,..,..,..,..,..,..,..,..,..,..,..,..,..,..,..,..,..,..,..,..,..,..,..,81.947,82.339,82.284,82.16,81.952,81.66,81.311,80.942,80.562,80.163,79.738,79.276,78.904,78.497,78.076,77.653,77.209,76.621,75.975,75.479,75.148,74.883,74.516,74.04,73.519,72.971,72.432,71.94,74.021,73.255,72.176,71.79,73.105,73.359,73.057,72.802
Bulgaria,BGR,"Labor force participation rate, male (% of male population ages 15+) (modeled ILO estimate)",SL.TLF.CACT.MA.ZS,..,..,..,..,..,..,..,..,..,..,..,..,..,..,..,..,..,..,..,..,..,..,..,..,..,..,..,..,..,..,55.872,55.839,55.83,55.694,55.578,55.44,55.207,55.948,55.718,56.215,55.988,56.635,56.075,55.846,56.492,56.019,57.678,59.435,61.247,60.587,59.609,58.297,58.774,59.738,59.963,60.111,59.639,61.667,61.957,63.455,62.781,62.128,63.188,63.278,62.575,62.362
Burkina Faso,BFA,"Labor force participation rate, male (% of male population ages 15+) (modeled ILO estimate)",SL.TLF.CACT.MA.ZS,..,..,..,..,..,..,..,..,..,..,..,..,..,..,..,..,..,..,..,..,..,..,..,..,..,..,..,..,..,..,88.789,88.895,88.727,88.555,88.379,88.199,88.017,87.832,87.639,87.438,87.233,87.025,86.813,86.598,86.382,86.165,85.948,85.733,85.521,85.306,85.089,84.869,84.644,84.416,84.185,83.95,83.711,83.47,83.227,82.983,81.152,80.544,79.529,77.906,76.222,76.135
Burundi,BDI,"Labor force participation rate, male (% of male population ages 15+) (modeled ILO estimate)",SL.TLF.CACT.MA.ZS,..,..,..,..,..,..,..,..,..,..,..,..,..,..,..,..,..,..,..,..,..,..,..,..,..,..,..,..,..,..,89.713,89.125,88.525,87.706,86.889,86.243,85.357,84.376,83.413,82.67,81.92,81.197,80.491,79.803,79.157,78.506,77.857,77.678,77.524,77.522,77.542,77.457,77.404,77.389,77.359,78.151,78.805,79.062,78.978,78.553,78.534,77.651,77.919,77.581,77.215,76.971
Cabo Verde,CPV,"Labor force participation rate, male (% of male population ages 15+) (modeled ILO estimate)",SL.TLF.CACT.MA.ZS,..,..,..,..,..,..,..,..,..,..,..,..,..,..,..,..,..,..,..,..,..,..,..,..,..,..,..,..,..,..,84.803,83.708,82.619,81.532,80.445,79.358,78.268,77.176,76.077,74.971,73.846,72.695,71.531,70.363,69.192,68.02,66.845,65.669,64.489,63.305,66.894,66.793,66.697,66.6,66.503,66.405,66.307,66.208,62.372,64.304,59.893,60.563,64.281,63.845,63.458,63.397
Cambodia,KHM,"Labor force participation rate, male (% of male population ages 15+) (modeled ILO estimate)",SL.TLF.CACT.MA.ZS,..,..,..,..,..,..,..,..,..,..,..,..,..,..,..,..,..,..,..,..,..,..,..,..,..,..,..,..,..,..,82.955,82.949,82.937,82.917,82.491,82.519,82.503,82.467,82.472,82.601,83.469,84.32,85.158,85.985,86.653,87.302,87.936,88.551,86.695,87.158,88.589,89.397,88.07,86.589,86.745,86.354,88.076,86.849,87.432,88.011,87.833,85.799,87.927,87.885,87.842,87.816
Cameroon,CMR,"Labor force participation rate, male (% of male population ages 15+) (modeled ILO estimate)",SL.TLF.CACT.MA.ZS,..,..,..,..,..,..,..,..,..,..,..,..,..,..,..,..,..,..,..,..,..,..,..,..,..,..,..,..,..,..,87.084,87.09,87.08,87.038,86.97,86.877,86.747,86.582,86.425,86.294,86.169,86.029,85.878,85.743,85.64,85.564,85.502,85.437,84.388,83.274,82.092,80.96,79.782,78.558,77.287,76.782,76.334,75.919,75.491,75.02,73.934,73.711,74.236,74.194,74.14,73.941
Canada,CAN,"Labor force participation rate, male (% of male population ages 15+) (modeled ILO estimate)",SL.TLF.CACT.MA.ZS,..,..,..,..,..,..,..,..,..,..,..,..,..,..,..,..,..,..,..,..,..,..,..,..,..,..,..,..,..,..,75.957,74.931,73.702,73.17,72.959,72.305,71.98,72.044,71.939,72.208,72.158,72.075,72.829,73.251,73.016,72.66,72.57,72.626,72.814,72.183,71.756,71.705,71.534,71.405,70.977,70.942,70.526,70.637,70.246,70.476,68.927,69.863,69.547,69.693,69.169,68.937
Caribbean small states,CSS,"Labor force participation rate, male (% of male population ages 15+) (modeled ILO estimate)",SL.TLF.CACT.MA.ZS,..,..,..,..,..,..,..,..,..,..,..,..,..,..,..,..,..,..,..,..,..,..,..,..,..,..,..,..,..,..,76.34177918,76.30189229,76.13556199,76.20656617,76.71342759,77.11240336,76.60346604,76.64722137,76.49458115,76.39430539,76.30726648,76.03017071,75.74292608,75.7739432,75.86795091,75.86230233,75.66238326,75.70761215,75.20461216,75.00370956,74.32742798,73.83019819,73.68038391,73.68385756,73.42742996,73.21780829,72.44316457,72.08411354,71.85083979,70.69307365,66.26425925,67.08175194,68.30441798,68.65348952,68.33136389,68.26814008
Cayman Islands,CYM,"Labor force participation rate, male (% of male population ages 15+) (modeled ILO estimate)",SL.TLF.CACT.MA.ZS,..,..,..,..,..,..,..,..,..,..,..,..,..,..,..,..,..,..,..,..,..,..,..,..,..,..,..,..,..,..,..,..,..,..,..,..,..,..,..,..,..,..,..,..,..,..,..,..,..,..,..,..,..,..,..,..,..,..,..,..,..,..,..,..,..,..
Central African Republic,CAF,"Labor force participation rate, male (% of male population ages 15+) (modeled ILO estimate)",SL.TLF.CACT.MA.ZS,..,..,..,..,..,..,..,..,..,..,..,..,..,..,..,..,..,..,..,..,..,..,..,..,..,..,..,..,..,..,78.697,78.98,79.183,79.312,79.387,79.487,79.572,79.584,79.562,79.503,79.416,79.398,79.343,79.238,79.196,79.153,79.2,79.305,79.374,79.699,80.094,80.368,80.808,81.295,81.946,82.365,82.359,82.392,82.42,82.451,81.716,81.519,82.69,82.804,82.803,82.756
Central Europe and the Baltics,CEB,"Labor force participation rate, male (% of male population ages 15+) (modeled ILO estimate)",SL.TLF.CACT.MA.ZS,..,..,..,..,..,..,..,..,..,..,..,..,..,..,..,..,..,..,..,..,..,..,..,..,..,..,..,..,..,..,65.5975628,65.78265872,65.66185751,65.2523682,64.77316616,64.22943483,63.89002742,63.67105374,63.35405219,62.96498333,62.48452614,62.64375633,62.26005129,62.09187738,62.05151432,62.16433842,62.07748666,62.27255179,62.70001517,62.07548013,62.76327399,62.6687545,62.97342899,63.19302058,63.72299201,64.06391809,64.24102234,64.83981837,64.9426246,65.15779396,65.1329281,65.6255067,65.78412765,65.64689572,65.15222991,64.85447
Chad,TCD,"Labor force participation rate, male (% of male population ages 15+) (modeled ILO estimate)",SL.TLF.CACT.MA.ZS,..,..,..,..,..,..,..,..,..,..,..,..,..,..,..,..,..,..,..,..,..,..,..,..,..,..,..,..,..,..,80.291,80.254,80.086,80.667,80.367,80.049,79.728,79.41,79.085,78.755,78.42,78.081,77.736,77.384,77.026,76.666,76.304,75.938,75.567,75.189,74.808,74.422,74.032,73.638,73.24,72.84,72.436,72.027,71.615,71.517,70.834,70.708,71.788,71.729,71.776,71.716
Channel Islands,CHI,"Labor force participation rate, male (% of male population ages 15+) (modeled ILO estimate)",SL.TLF.CACT.MA.ZS,..,..,..,..,..,..,..,..,..,..,..,..,..,..,..,..,..,..,..,..,..,..,..,..,..,..,..,..,..,..,69.77,69.952,69.945,70.184,70.43,70.615,70.472,70.419,70.548,70.316,70.102,69.822,69.332,69.019,68.997,68.839,68.56,68.27,68.135,67.863,67.444,67.318,67.4,66.63,67.004,67.022,66.55,66.304,66.032,65.671,64.759,64.966,64.769,64.366,64.019,63.652
Chile,CHL,"Labor force participation rate, male (% of male population ages 15+) (modeled ILO estimate)",SL.TLF.CACT.MA.ZS,..,..,..,..,..,..,..,..,..,..,..,..,..,..,..,..,..,..,..,..,..,..,..,..,..,..,..,..,..,..,74.671,75.147,75.908,76.144,76.233,76.764,77.097,76.317,76.214,75.751,74.661,73.847,73.112,72.769,72.052,71.785,72.9,72.879,73.3,72.441,74.235,74.844,74.509,74.264,74.232,74.452,74.162,74.418,74.239,73.721,67.516,68.773,70.482,71.298,72.019,71.927
China,CHN,"Labor force participation rate, male (% of male population ages 15+) (modeled ILO estimate)",SL.TLF.CACT.MA.ZS,..,..,..,..,..,..,..,..,..,..,..,..,..,..,..,..,..,..,..,..,..,..,..,..,..,..,..,..,..,..,85.112,84.679,84.237,83.786,83.324,82.853,82.372,81.881,81.38,80.869,80.347,80.131,79.913,79.692,79.469,79.243,79.016,78.787,78.556,78.323,78.089,77.899,77.33,76.764,76.324,75.848,75.29,74.606,73.904,73.328,71.607,72.918,71.389,71.334,70.267,69.851
Colombia,COL,"Labor force participation rate, male (% of male population ages 15+) (modeled ILO estimate)",SL.TLF.CACT.MA.ZS,..,..,..,..,..,..,..,..,..,..,..,..,..,..,..,..,..,..,..,..,..,..,..,..,..,..,..,..,..,..,80.444,80.762,81.218,81.749,82.273,82.69,82.791,82.938,82.812,82.287,82.402,82.437,81.413,81.728,80.997,80.134,79.274,78.395,78.548,80.558,80.302,80.639,80.67,79.777,79.513,79.308,78.635,78.195,77.749,76.756,76.251,77.539,75.936,76.171,75.862,75.694
Comoros,COM,"Labor force participation rate, male (% of male population ages 15+) (modeled ILO estimate)",SL.TLF.CACT.MA.ZS,..,..,..,..,..,..,..,..,..,..,..,..,..,..,..,..,..,..,..,..,..,..,..,..,..,..,..,..,..,..,51.809,51.812,51.993,52.325,52.573,52.735,52.817,52.802,52.674,52.366,52.006,51.759,51.589,51.356,50.853,51.424,51.988,52.548,53.107,53.668,54.23,54.793,55.358,55.922,56.484,57.61,58.698,59.649,60.505,61.382,62.074,63.328,63.902,63.774,63.633,63.882
"Congo, Dem. Rep.",COD,"Labor force participation rate, male (% of male population ages 15+) (modeled ILO estimate)",SL.TLF.CACT.MA.ZS,..,..,..,..,..,..,..,..,..,..,..,..,..,..,..,..,..,..,..,..,..,..,..,..,..,..,..,..,..,..,72.561,72.605,72.652,72.66,72.322,72.232,72.864,73.512,73.727,73.715,73.752,73.783,73.825,73.889,73.933,73.941,73.361,72.773,72.178,71.575,70.963,70.344,69.716,69.421,69.134,68.854,68.497,68.125,67.865,67.659,66.723,66.867,67.386,67.162,67.021,66.846
"Congo, Rep.",COG,"Labor force participation rate, male (% of male population ages 15+) (modeled ILO estimate)",SL.TLF.CACT.MA.ZS,..,..,..,..,..,..,..,..,..,..,..,..,..,..,..,..,..,..,..,..,..,..,..,..,..,..,..,..,..,..,71.74,71.575,71.411,71.219,71.06,70.954,70.846,70.919,70.948,70.761,70.21,69.723,69.695,69.568,69.301,69.035,68.781,68.603,68.598,68.471,68.382,68.573,68.859,69.199,69.487,69.71,69.84,69.871,69.839,69.743,66.626,67.083,70.198,70.18,70.117,70.102
Costa Rica,CRI,"Labor force participation rate, male (% of male population ages 15+) (modeled ILO estimate)",SL.TLF.CACT.MA.ZS,..,..,..,..,..,..,..,..,..,..,..,..,..,..,..,..,..,..,..,..,..,..,..,..,..,..,..,..,..,..,82.209,80.081,79.187,80.096,79.965,81.148,78.589,79.889,80.712,80.24,79.936,79.678,79.156,79.4,78.691,79.663,78.693,79.254,78.045,76.779,74.927,75.331,77.742,76.563,77.538,76.048,73.879,74.322,76.275,76.239,73.073,73.732,73.144,70.082,69.857,69.762
Cote d'Ivoire,CIV,"Labor force participation rate, male (% of male population ages 15+) (modeled ILO estimate)",SL.TLF.CACT.MA.ZS,..,..,..,..,..,..,..,..,..,..,..,..,..,..,..,..,..,..,..,..,..,..,..,..,..,..,..,..,..,..,82.735,82.628,82.496,82.357,82.205,82.048,81.898,81.758,81.64,80.986,80.327,79.662,78.989,78.309,77.626,76.938,76.247,75.551,74.83,74.094,73.366,72.643,71.923,72.695,73.469,74.253,75.036,74.288,73.528,72.758,72.886,74.219,74.866,74.649,74.421,74.406
Croatia,HRV,"Labor force participation rate, male (% of male population ages 15+) (modeled ILO estimate)",SL.TLF.CACT.MA.ZS,..,..,..,..,..,..,..,..,..,..,..,..,..,..,..,..,..,..,..,..,..,..,..,..,..,..,..,..,..,..,69.301,69.271,68.449,67.582,66.691,65.773,64.886,64.045,63.232,62.467,61.744,61.01,60.215,60.297,61.464,60.702,59.503,61.501,61.279,60.184,59.704,59.784,58.885,57.702,58.716,59.11,57.772,58.157,57.454,57.567,58.144,58.822,58.584,57.87,57.634,57.361
Cuba,CUB,"Labor force participation rate, male (% of male population ages 15+) (modeled ILO estimate)",SL.TLF.CACT.MA.ZS,..,..,..,..,..,..,..,..,..,..,..,..,..,..,..,..,..,..,..,..,..,..,..,..,..,..,..,..,..,..,67.883,68.846,69.817,70.883,71.217,71.419,71.429,71.554,71.671,71.507,71.258,70.993,70.696,70.287,69.784,69.086,68.37,67.844,67.471,68.783,68.031,67.814,67.59,67.41,67.318,67.121,67.02,66.818,66.511,66.231,63.189,63.552,65.908,65.688,65.418,65.074
Curacao,CUW,"Labor force participation rate, male (% of male population ages 15+) (modeled ILO estimate)",SL.TLF.CACT.MA.ZS,..,..,..,..,..,..,..,..,..,..,..,..,..,..,..,..,..,..,..,..,..,..,..,..,..,..,..,..,..,..,..,..,..,..,..,..,..,..,..,..,..,..,..,..,..,..,..,..,..,..,..,..,..,..,..,..,..,..,..,..,..,..,..,..,..,..
Cyprus,CYP,"Labor force participation rate, male (% of male population ages 15+) (modeled ILO estimate)",SL.TLF.CACT.MA.ZS,..,..,..,..,..,..,..,..,..,..,..,..,..,..,..,..,..,..,..,..,..,..,..,..,..,..,..,..,..,..,77.519,77.535,76.427,76.015,75.593,75.067,74.422,73.668,72.837,71.982,71.163,71.729,71.131,72.235,72.734,72.93,72.159,71.797,71.112,70.595,70.436,70.04,70.767,70.609,70.249,69.161,69.181,69.774,71.076,72.073,72.362,73.367,73.985,73.359,72.933,72.672
Czechia,CZE,"Labor force participation rate, male (% of male population ages 15+) (modeled ILO estimate)",SL.TLF.CACT.MA.ZS,..,..,..,..,..,..,..,..,..,..,..,..,..,..,..,..,..,..,..,..,..,..,..,..,..,..,..,..,..,..,71.24,71.278,71.287,71.268,71.506,71.463,71.501,71.201,70.874,70.633,69.858,69.394,69.306,68.766,68.484,68.751,68.56,68.341,68.126,68.182,67.95,67.524,67.689,68.049,68.16,67.957,68.293,68.404,68.543,68.284,67.807,67.69,67.869,67.932,67.887,67.516
Denmark,DNK,"Labor force participation rate, male (% of male population ages 15+) (modeled ILO estimate)",SL.TLF.CACT.MA.ZS,..,..,..,..,..,..,..,..,..,..,..,..,..,..,..,..,..,..,..,..,..,..,..,..,..,..,..,..,..,..,73.778,73.235,72.801,72.117,71.378,72.905,72.77,73.079,71.517,72.27,71.718,71.192,71.885,71.815,71.858,71.447,71.573,71.1,70.536,69.4,68.388,67.766,66.683,65.415,65.693,66.106,65.906,66.007,66.258,66.928,66.499,67.275,67.549,67.788,69.289,69.178
Djibouti,DJI,"Labor force participation rate, male (% of male population ages 15+) (modeled ILO estimate)",SL.TLF.CACT.MA.ZS,..,..,..,..,..,..,..,..,..,..,..,..,..,..,..,..,..,..,..,..,..,..,..,..,..,..,..,..,..,..,55.603,55.446,55.302,55.127,54.922,54.694,54.398,53.838,53.174,52.676,52.296,51.938,51.614,51.485,51.469,51.379,51.136,50.797,50.441,50.081,49.741,49.401,49.059,48.699,48.298,47.855,47.372,46.859,46.333,45.821,45.307,45.479,45.346,45.055,44.745,44.555
Dominica,DMA,"Labor force participation rate, male (% of male population ages 15+) (modeled ILO estimate)",SL.TLF.CACT.MA.ZS,..,..,..,..,..,..,..,..,..,..,..,..,..,..,..,..,..,..,..,..,..,..,..,..,..,..,..,..,..,..,..,..,..,..,..,..,..,..,..,..,..,..,..,..,..,..,..,..,..,..,..,..,..,..,..,..,..,..,..,..,..,..,..,..,..,..
Dominican Republic,DOM,"Labor force participation rate, male (% of male population ages 15+) (modeled ILO estimate)",SL.TLF.CACT.MA.ZS,..,..,..,..,..,..,..,..,..,..,..,..,..,..,..,..,..,..,..,..,..,..,..,..,..,..,..,..,..,..,78.788,78.689,78.586,78.481,78.381,78.269,78.152,78.016,77.871,77.724,77.594,76.5,75.398,74.395,74.866,73.774,74.331,74.476,73.632,72.329,72.053,72.965,73.977,73.78,74.031,76.197,76.423,76.066,77.607,78.167,73.67,75.633,76.342,76.433,76.371,76.36
Early-demographic dividend,EAR,"Labor force participation rate, male (% of male population ages 15+) (modeled ILO estimate)",SL.TLF.CACT.MA.ZS,..,..,..,..,..,..,..,..,..,..,..,..,..,..,..,..,..,..,..,..,..,..,..,..,..,..,..,..,..,..,81.72155365,81.62815313,81.57934131,81.44025722,81.49812534,81.452678,81.45419003,81.4746125,81.40049031,81.40378404,81.27045637,80.94476317,80.53728576,80.26454631,80.14741163,79.76607164,79.39192834,79.00317662,78.56176106,78.12520636,77.88431793,77.68273083,77.52011953,77.34767342,77.06289823,76.79160813,76.52786885,76.28220819,76.10927028,75.85131237,74.18529903,74.63608804,75.40499701,75.83995502,75.99073981,75.94437265
East Asia & Pacific,EAS,"Labor force participation rate, male (% of male population ages 15+) (modeled ILO estimate)",SL.TLF.CACT.MA.ZS,..,..,..,..,..,..,..,..,..,..,..,..,..,..,..,..,..,..,..,..,..,..,..,..,..,..,..,..,..,..,82.92067647,82.68448663,82.42401619,82.07823027,81.87673575,81.5518381,81.22355422,80.8469523,80.41634321,80.01816375,79.66248256,79.57759136,79.33746798,79.09000928,79.02079506,78.70589146,78.51437325,78.4009031,78.19930039,77.95861019,77.8032127,77.80900746,77.44939068,76.97200362,76.72304393,76.36127277,75.91060018,75.37250832,75.0518829,74.68889872,73.19266336,73.68651642,73.22924187,73.25792337,72.54573228,72.25754107
East Asia & Pacific (excluding high income),EAP,"Labor force participation rate, male (% of male population ages 15+) (modeled ILO estimate)",SL.TLF.CACT.MA.ZS,..,..,..,..,..,..,..,..,..,..,..,..,..,..,..,..,..,..,..,..,..,..,..,..,..,..,..,..,..,..,84.02990957,83.70843882,83.36493123,82.97788452,82.74617606,82.38437278,82.01387854,81.58733864,81.16227163,80.76916547,80.41865952,80.38919952,80.16582552,79.9404422,79.89761379,79.54909563,79.3415783,79.21320762,79.03862484,78.83422495,78.68807028,78.70861365,78.31990835,77.78766772,77.48842307,77.07853757,76.56342453,75.94486511,75.54757907,75.12729065,73.48422928,74.03694365,73.47498551,73.50533151,72.72892662,72.41458355
East Asia & Pacific (IDA & IBRD countries),TEA,"Labor force participation rate, male (% of male population ages 15+) (modeled ILO estimate)",SL.TLF.CACT.MA.ZS,..,..,..,..,..,..,..,..,..,..,..,..,..,..,..,..,..,..,..,..,..,..,..,..,..,..,..,..,..,..,83.99180508,83.66575512,83.31743174,82.9252283,82.69058568,82.32431007,81.94945295,81.5180749,81.08815023,80.69038543,80.33600548,80.30678744,80.08132269,79.85374296,79.81088888,79.45860356,79.24893933,79.11919483,78.94253807,78.73565201,78.58766777,78.60843516,78.21491345,77.6760517,77.37299914,76.95797822,76.43647232,75.81028351,75.40821396,74.9829694,73.34039809,73.90030514,73.31124733,73.34255333,72.5572536,72.23994337
Ecuador,ECU,"Labor force participation rate, male (% of male population ages 15+) (modeled ILO estimate)",SL.TLF.CACT.MA.ZS,..,..,..,..,..,..,..,..,..,..,..,..,..,..,..,..,..,..,..,..,..,..,..,..,..,..,..,..,..,..,79.379,79.502,79.429,79.339,79.423,79.335,79.197,80.295,81.377,81.401,81.397,81.554,81.703,81.844,82.523,82.36,83.524,81.897,81.39,78.672,77.674,76.811,77.129,76.687,77.853,79.684,80.167,80.356,79.061,78.168,72.05,77.993,77.67,76.715,76.948,76.868
"Egypt, Arab Rep.",EGY,"Labor force participation rate, male (% of male population ages 15+) (modeled ILO estimate)",SL.TLF.CACT.MA.ZS,..,..,..,..,..,..,..,..,..,..,..,..,..,..,..,..,..,..,..,..,..,..,..,..,..,..,..,..,..,..,71.261,71.236,71.31,73.335,74.463,73.879,73.279,72.669,72.029,74.203,71.704,69.191,67.845,68.979,70.1,71.211,72.318,72.213,72.907,72.632,75.316,74.82,74.259,73.643,72.86,70.97,70.045,67.582,68.037,68.386,68.47,70.223,70.272,70.7,70.559,70.514
El Salvador,SLV,"Labor force participation rate, male (% of male population ages 15+) (modeled ILO estimate)",SL.TLF.CACT.MA.ZS,..,..,..,..,..,..,..,..,..,..,..,..,..,..,..,..,..,..,..,..,..,..,..,..,..,..,..,..,..,..,84.013,84.07,83.806,83.578,83.794,83.676,81.878,81.368,81.809,80.71,79.856,78.981,78.075,79.689,78.574,78.615,78.597,79.448,78.458,77.404,76.299,76.11,76.352,75.916,75.029,74.606,74.997,75.208,74.87,76.147,72.083,75.477,76.477,76.751,76.995,77.266
Equatorial Guinea,GNQ,"Labor force participation rate, male (% of male population ages 15+) (modeled ILO estimate)",SL.TLF.CACT.MA.ZS,..,..,..,..,..,..,..,..,..,..,..,..,..,..,..,..,..,..,..,..,..,..,..,..,..,..,..,..,..,..,68.585,69.193,69.745,70.236,70.639,70.93,71.121,71.234,71.286,71.207,70.674,69.693,68.538,67.322,66.168,65.417,65.089,64.942,64.939,65.058,65.286,65.665,66.138,66.587,66.987,67.293,67.482,67.554,67.482,67.252,62.725,63.32,67.535,67.805,67.585,67.243
Eritrea,ERI,"Labor force participation rate, male (% of male population ages 15+) (modeled ILO estimate)",SL.TLF.CACT.MA.ZS,..,..,..,..,..,..,..,..,..,..,..,..,..,..,..,..,..,..,..,..,..,..,..,..,..,..,..,..,..,..,88.091,88.1,88.153,87.876,87.577,86.957,86.566,87.095,87.552,87.871,88.079,87.79,87.389,86.911,86.452,86.391,86.532,86.603,86.503,86.223,86.05,85.72,85.486,85.469,85.118,85.435,85.281,85.224,84.7,84.195,83.372,83.598,84.17,84.144,84.123,84.149
Estonia,EST,"Labor force participation rate, male (% of male population ages 15+) (modeled ILO estimate)",SL.TLF.CACT.MA.ZS,..,..,..,..,..,..,..,..,..,..,..,..,..,..,..,..,..,..,..,..,..,..,..,..,..,..,..,..,..,..,77.877,76.958,75.337,73.332,73.192,71.671,70.519,70.21,69.289,67.46,66.482,65.171,64.044,66.485,65.767,64.686,67.46,68.257,68.75,67.949,66.967,67.942,68.216,68.285,68.792,68.954,70.071,70.518,70.702,69.865,69.809,69.372,70.79,70.789,70.208,69.819
Eswatini,SWZ,"Labor force participation rate, male (% of male population ages 15+) (modeled ILO estimate)",SL.TLF.CACT.MA.ZS,..,..,..,..,..,..,..,..,..,..,..,..,..,..,..,..,..,..,..,..,..,..,..,..,..,..,..,..,..,..,67.079,66.548,66.036,65.764,66.387,66.79,66.233,65.553,64.732,63.871,63.08,62.402,61.833,61.37,60.988,60.668,60.396,60.019,59.46,58.861,58.308,57.816,57.394,57.002,56.563,56.087,55.645,54.945,54.226,53.494,52.723,52.639,53.836,54.389,54.154,54.027
Ethiopia,ETH,"Labor force participation rate, male (% of male population ages 15+) (modeled ILO estimate)",SL.TLF.CACT.MA.ZS,..,..,..,..,..,..,..,..,..,..,..,..,..,..,..,..,..,..,..,..,..,..,..,..,..,..,..,..,..,..,89.225,89.19,89.175,89.245,89.316,89.389,89.475,89.58,89.693,89.792,89.857,89.878,89.856,89.802,89.73,89.643,89.482,89.32,89.159,88.996,88.832,88.667,88.5,88.332,87.108,85.901,84.713,83.542,82.404,81.299,79.652,79.132,79.124,78.961,78.722,78.644
Euro area,EMU,"Labor force participation rate, male (% of male population ages 15+) (modeled ILO estimate)",SL.TLF.CACT.MA.ZS,..,..,..,..,..,..,..,..,..,..,..,..,..,..,..,..,..,..,..,..,..,..,..,..,..,..,..,..,..,..,68.77595573,68.47210557,67.53726723,66.97748278,66.52079124,65.93223887,65.79266473,65.66880564,65.61226467,65.53951071,65.32304181,64.98781566,65.02579566,65.03845559,64.93599455,65.05478397,65.1043983,64.99901102,65.08105218,64.53543257,64.28309968,63.89001189,63.95666151,63.74489548,63.44553568,63.29971595,63.20133445,63.25772705,63.30988736,63.26907604,62.29489485,62.55199747,63.04635463,63.17048016,63.03762714,62.6675225
Europe & Central Asia,ECS,"Labor force participation rate, male (% of male population ages 15+) (modeled ILO estimate)",SL.TLF.CACT.MA.ZS,..,..,..,..,..,..,..,..,..,..,..,..,..,..,..,..,..,..,..,..,..,..,..,..,..,..,..,..,..,..,71.00486422,70.84977326,70.26775745,69.48898774,68.93033806,68.49917226,68.10940417,67.65512116,67.32364367,67.62703461,67.27129272,66.73787963,66.51675947,66.29489109,66.17585128,66.24444516,66.20276137,66.33028513,66.60918105,66.33017116,66.36283604,66.3689818,66.43929357,66.41804314,66.4066716,66.47339029,66.58926787,66.63872446,66.69126015,66.46200767,65.48915598,65.86716285,66.43610808,66.50815299,66.34547901,65.93505482
Europe & Central Asia (excluding high income),ECA,"Labor force participation rate, male (% of male population ages 15+) (modeled ILO estimate)",SL.TLF.CACT.MA.ZS,..,..,..,..,..,..,..,..,..,..,..,..,..,..,..,..,..,..,..,..,..,..,..,..,..,..,..,..,..,..,72.3431235,72.68882992,72.69325449,72.331795,72.62912878,72.40550303,72.01788293,71.6186712,71.38631823,70.92255787,70.04697352,69.48686316,68.79088919,68.14408839,67.59065382,67.33698255,66.91715169,66.94062863,67.02365693,67.24601668,67.29750449,67.87744037,67.82446843,68.04173028,68.22736364,68.53059438,68.92423641,69.16051491,69.33481394,69.1075234,67.22730127,67.95033308,70.19229243,70.00833373,70.33621158,69.92488179
Europe & Central Asia (IDA & IBRD countries),TEC,"Labor force participation rate, male (% of male population ages 15+) (modeled ILO estimate)",SL.TLF.CACT.MA.ZS,..,..,..,..,..,..,..,..,..,..,..,..,..,..,..,..,..,..,..,..,..,..,..,..,..,..,..,..,..,..,72.30019851,72.36349242,72.13050381,71.18644719,70.49992963,70.10339642,69.42030577,68.60671573,68.01427914,68.69598921,68.16255272,67.43673115,66.94569357,66.44764925,66.38646462,66.37553776,66.21347736,66.63413005,67.16764436,67.153859,67.50187668,67.84818325,67.91291352,68.08471065,68.28536225,68.52426011,68.80070315,68.90647976,68.9313987,68.58977869,67.46473084,68.18070903,69.19189129,69.18284329,69.06599573,68.56343989
European Union,EUU,"Labor force participation rate, male (% of male population ages 15+) (modeled ILO estimate)",SL.TLF.CACT.MA.ZS,..,..,..,..,..,..,..,..,..,..,..,..,..,..,..,..,..,..,..,..,..,..,..,..,..,..,..,..,..,..,68.25432318,68.03832506,67.27040638,66.73656042,66.26692785,65.73067406,65.55216311,65.41028602,65.294438,65.17747418,64.9078781,64.69391423,64.64858657,64.61272082,64.50232475,64.66197434,64.66242204,64.56609187,64.69383745,64.13400537,64.12607997,63.80133452,63.90137709,63.76860102,63.63540124,63.59316578,63.57148173,63.71187908,63.76624968,63.77840721,63.00021647,63.3318582,63.73655447,63.81688628,63.62975972,63.28005238
Faroe Islands,FRO,"Labor force participation rate, male (% of male population ages 15+) (modeled ILO estimate)",SL.TLF.CACT.MA.ZS,..,..,..,..,..,..,..,..,..,..,..,..,..,..,..,..,..,..,..,..,..,..,..,..,..,..,..,..,..,..,..,..,..,..,..,..,..,..,..,..,..,..,..,..,..,..,..,..,..,..,..,..,..,..,..,..,..,..,..,..,..,..,..,..,..,..
Fiji,FJI,"Labor force participation rate, male (% of male population ages 15+) (modeled ILO estimate)",SL.TLF.CACT.MA.ZS,..,..,..,..,..,..,..,..,..,..,..,..,..,..,..,..,..,..,..,..,..,..,..,..,..,..,..,..,..,..,79.868,79.98,79.818,79.771,79.622,79.55,79.403,79.492,79.577,79.66,79.744,79.828,79.91,79.99,80.065,78.323,78.716,79.073,79.42,79.758,80.065,80.342,79.064,77.736,76.36,76.65,76.914,76.721,76.586,76.641,72.282,72.891,76.618,76.598,76.578,76.537
Finland,FIN,"Labor force participation rate, male (% of male population ages 15+) (modeled ILO estimate)",SL.TLF.CACT.MA.ZS,..,..,..,..,..,..,..,..,..,..,..,..,..,..,..,..,..,..,..,..,..,..,..,..,..,..,..,..,..,..,71.393,69.956,68.469,67.587,66.77,65.194,64.271,65.748,65.648,66.151,66.586,66.875,66.824,66.931,66.385,66.514,66.455,65.14,65.711,64.105,63.767,64.115,63.504,62.834,62.349,62.277,62.27,62.461,63.08,62.828,62.661,63.748,63.689,63.16,63.151,62.978
France,FRA,"Labor force participation rate, male (% of male population ages 15+) (modeled ILO estimate)",SL.TLF.CACT.MA.ZS,..,..,..,..,..,..,..,..,..,..,..,..,..,..,..,..,..,..,..,..,..,..,..,..,..,..,..,..,..,..,65.56,64.313,64.185,63.749,63.329,62.973,63.195,62.824,62.628,62.857,62.668,62.529,62.887,62.816,62.698,62.391,62.14,62.02,62.032,62.049,61.833,61.517,61.73,61.686,60.961,60.726,60.399,60.322,60.205,59.663,58.88,59.858,60.167,60.11,59.896,59.55
French Polynesia,PYF,"Labor force participation rate, male (% of male population ages 15+) (modeled ILO estimate)",SL.TLF.CACT.MA.ZS,..,..,..,..,..,..,..,..,..,..,..,..,..,..,..,..,..,..,..,..,..,..,..,..,..,..,..,..,..,..,68.971,69.048,69.355,69.679,70.018,70.231,70.373,70.042,69.673,69.257,68.813,68.339,67.852,67.22,66.505,65.839,65.253,64.675,64.37,64.084,63.822,63.571,63.311,63.204,63.068,62.888,62.668,62.313,61.925,61.482,60.461,60.141,59.979,59.22,58.542,58.043
Gabon,GAB,"Labor force participation rate, male (% of male population ages 15+) (modeled ILO estimate)",SL.TLF.CACT.MA.ZS,..,..,..,..,..,..,..,..,..,..,..,..,..,..,..,..,..,..,..,..,..,..,..,..,..,..,..,..,..,..,60.437,60.376,60.501,60.389,60.227,59.971,59.684,59.312,58.981,58.967,58.772,58.49,58.277,58.023,57.848,57.67,57.687,57.539,57.69,57.834,57.894,58.025,58.234,58.442,58.698,58.985,59.346,59.758,60.127,60.338,56.244,56.845,60.808,60.709,60.438,60.132
"Gambia, The",GMB,"Labor force participation rate, male (% of male population ages 15+) (modeled ILO estimate)",SL.TLF.CACT.MA.ZS,..,..,..,..,..,..,..,..,..,..,..,..,..,..,..,..,..,..,..,..,..,..,..,..,..,..,..,..,..,..,51.353,51.426,51.478,51.54,51.756,51.921,51.995,51.905,51.878,51.679,51.515,51.325,51.65,51.387,51.11,51.372,51.526,51.475,51.243,50.986,50.773,51.398,51.241,51.218,51.432,51.327,51.329,51.16,50.847,50.576,50.616,50.387,50.137,49.922,49.643,49.509
Georgia,GEO,"Labor force participation rate, male (% of male population ages 15+) (modeled ILO estimate)",SL.TLF.CACT.MA.ZS,..,..,..,..,..,..,..,..,..,..,..,..,..,..,..,..,..,..,..,..,..,..,..,..,..,..,..,..,..,..,82.27,82.852,83.485,84.179,84.938,84.448,83.338,82.324,81.91,81.551,81.281,80.829,80.381,79.579,79.124,78.445,77.81,77.045,76.876,77.026,76.618,76.139,75.754,75.475,75.284,75.151,75.016,74.817,73.827,72.856,73.314,70.63,73.278,73.457,73.604,73.492
Germany,DEU,"Labor force participation rate, male (% of male population ages 15+) (modeled ILO estimate)",SL.TLF.CACT.MA.ZS,..,..,..,..,..,..,..,..,..,..,..,..,..,..,..,..,..,..,..,..,..,..,..,..,..,..,..,..,..,..,72.432,72.362,71.296,70.517,70.235,69.482,68.941,68.888,68.566,68.312,67.653,67.092,66.609,66.292,65.747,66.549,66.762,66.382,66.649,66.248,66.569,66.411,66.626,66.705,66.598,66.259,66.235,66.395,66.724,67.119,66.049,65.98,66.337,66.479,66.422,66.054
Ghana,GHA,"Labor force participation rate, male (% of male population ages 15+) (modeled ILO estimate)",SL.TLF.CACT.MA.ZS,..,..,..,..,..,..,..,..,..,..,..,..,..,..,..,..,..,..,..,..,..,..,..,..,..,..,..,..,..,..,76.207,76.144,76.149,76.153,76.159,76.167,76.175,76.182,76.186,76.191,76.196,76.199,76.202,76.205,76.208,76.212,76.215,76.219,76.223,76.227,76.232,76.237,76.242,76.247,74.91,73.527,72.185,70.806,69.11,67.418,65.331,63.986,62.754,62.665,62.438,61.841
Gibraltar,GIB,"Labor force participation rate, male (% of male population ages 15+) (modeled ILO estimate)",SL.TLF.CACT.MA.ZS,..,..,..,..,..,..,..,..,..,..,..,..,..,..,..,..,..,..,..,..,..,..,..,..,..,..,..,..,..,..,..,..,..,..,..,..,..,..,..,..,..,..,..,..,..,..,..,..,..,..,..,..,..,..,..,..,..,..,..,..,..,..,..,..,..,..
Greece,GRC,"Labor force participation rate, male (% of male population ages 15+) (modeled ILO estimate)",SL.TLF.CACT.MA.ZS,..,..,..,..,..,..,..,..,..,..,..,..,..,..,..,..,..,..,..,..,..,..,..,..,..,..,..,..,..,..,66.414,65.549,65.528,65.166,65.523,65.432,65.266,64.748,65.066,64.178,63.914,63.201,63.228,63.416,63.467,63.527,63.726,63.567,63.668,63.442,63.122,61.809,61.005,60.622,59.608,59.032,58.863,58.879,58.887,58.837,58.006,57.998,59.87,59.56,60.253,59.856
Greenland,GRL,"Labor force participation rate, male (% of male population ages 15+) (modeled ILO estimate)",SL.TLF.CACT.MA.ZS,..,..,..,..,..,..,..,..,..,..,..,..,..,..,..,..,..,..,..,..,..,..,..,..,..,..,..,..,..,..,..,..,..,..,..,..,..,..,..,..,..,..,..,..,..,..,..,..,..,..,..,..,..,..,..,..,..,..,..,..,..,..,..,..,..,..
Grenada,GRD,"Labor force participation rate, male (% of male population ages 15+) (modeled ILO estimate)",SL.TLF.CACT.MA.ZS,..,..,..,..,..,..,..,..,..,..,..,..,..,..,..,..,..,..,..,..,..,..,..,..,..,..,..,..,..,..,..,..,..,..,..,..,..,..,..,..,..,..,..,..,..,..,..,..,..,..,..,..,..,..,..,..,..,..,..,..,..,..,..,..,..,..
Guam,GUM,"Labor force participation rate, male (% of male population ages 15+) (modeled ILO estimate)",SL.TLF.CACT.MA.ZS,..,..,..,..,..,..,..,..,..,..,..,..,..,..,..,..,..,..,..,..,..,..,..,..,..,..,..,..,..,..,83.78,83.016,82.239,81.436,80.612,79.771,78.908,78.019,77.105,76.168,75.192,72.808,70.082,70.256,70.431,67.135,69.884,66.891,68.319,69.702,66.143,68.818,68.651,68.508,68.349,68.26,68.218,68.116,68.149,67.91,64.645,65.043,67.986,67.991,67.989,67.95
Guatemala,GTM,"Labor force participation rate, male (% of male population ages 15+) (modeled ILO estimate)",SL.TLF.CACT.MA.ZS,..,..,..,..,..,..,..,..,..,..,..,..,..,..,..,..,..,..,..,..,..,..,..,..,..,..,..,..,..,..,88.842,88.832,88.812,88.791,88.779,88.767,88.751,88.709,88.645,88.575,88.51,88.448,88.357,88.341,85.001,84.214,83.412,82.596,81.765,80.92,80.06,83.538,86.032,81.543,82.28,83.596,82.653,84.065,83.42,82.045,79.985,84.163,80.746,81.859,81.799,81.714
Guinea,GIN,"Labor force participation rate, male (% of male population ages 15+) (modeled ILO estimate)",SL.TLF.CACT.MA.ZS,..,..,..,..,..,..,..,..,..,..,..,..,..,..,..,..,..,..,..,..,..,..,..,..,..,..,..,..,..,..,64.014,64.1,64.211,64.323,64.444,64.547,64.633,64.964,65.305,65.45,65.662,66.062,66.29,66.19,66.094,66.002,65.912,65.816,65.716,65.614,65.509,65.399,65.286,65.169,65.045,64.91,64.766,64.614,64.453,64.279,63.644,63.972,63.763,63.487,63.261,63.105
Guinea-Bissau,GNB,"Labor force participation rate, male (% of male population ages 15+) (modeled ILO estimate)",SL.TLF.CACT.MA.ZS,..,..,..,..,..,..,..,..,..,..,..,..,..,..,..,..,..,..,..,..,..,..,..,..,..,..,..,..,..,..,74.017,73.916,73.853,73.826,73.81,73.75,73.644,73.508,73.378,73.252,73.098,72.93,72.77,72.62,72.466,72.327,72.211,72.092,71.957,71.803,71.639,71.479,71.317,71.145,70.953,70.731,70.479,70.182,69.842,68.668,68.596,69.485,69.991,69.776,69.584,69.582
Guyana,GUY,"Labor force participation rate, male (% of male population ages 15+) (modeled ILO estimate)",SL.TLF.CACT.MA.ZS,..,..,..,..,..,..,..,..,..,..,..,..,..,..,..,..,..,..,..,..,..,..,..,..,..,..,..,..,..,..,82.202,82.066,81.861,81.634,81.351,81.067,80.784,80.494,80.188,79.859,79.505,79.117,78.688,78.269,77.793,77.275,76.709,76.101,75.457,74.777,74.062,73.316,72.547,71.761,70.972,70.196,69.445,68.714,68.152,63.507,62.049,62.52,63.689,63.657,63.597,63.321
Haiti,HTI,"Labor force participation rate, male (% of male population ages 15+) (modeled ILO estimate)",SL.TLF.CACT.MA.ZS,..,..,..,..,..,..,..,..,..,..,..,..,..,..,..,..,..,..,..,..,..,..,..,..,..,..,..,..,..,..,77.248,76.488,75.721,74.945,74.161,73.37,72.491,71.602,70.703,69.795,68.877,68.982,69.088,69.194,69.3,69.406,69.684,69.961,70.236,70.51,70.779,70.607,70.535,70.381,70.256,70.16,70.056,69.943,69.847,69.821,69.16,69.433,69.82,69.813,69.83,69.743
Heavily indebted poor countries (HIPC),HPC,"Labor force participation rate, male (% of male population ages 15+) (modeled ILO estimate)",SL.TLF.CACT.MA.ZS,..,..,..,..,..,..,..,..,..,..,..,..,..,..,..,..,..,..,..,..,..,..,..,..,..,..,..,..,..,..,80.10367892,80.10850642,80.09768673,80.03375057,79.95914556,79.92011891,79.93356335,79.97182521,79.96299574,79.86941886,79.75087978,79.65253301,79.56805871,79.48264443,79.38952062,79.27642627,79.08685134,78.84012533,78.55311232,78.26956081,77.95728618,77.9257006,77.20948983,77.55424393,76.63030453,76.08298646,75.65971325,75.01171787,74.80313927,74.58558738,73.77627464,73.75343672,74.21135332,74.90497007,74.74294592,74.65961755
High income,HIC,"Labor force participation rate, male (% of male population ages 15+) (modeled ILO estimate)",SL.TLF.CACT.MA.ZS,..,..,..,..,..,..,..,..,..,..,..,..,..,..,..,..,..,..,..,..,..,..,..,..,..,..,..,..,..,..,72.89772594,72.67979975,72.32635028,71.76019366,71.27134219,70.99561613,70.7799245,70.52636386,70.20253136,70.35084796,70.17875784,69.69319445,69.47724649,69.20071547,69.09973553,69.15237171,69.22442827,69.27736465,69.35891031,68.80166276,68.65668773,68.50307089,68.61838793,68.56082707,68.50644808,68.53548088,68.62578015,68.6173107,68.6729275,68.62811837,67.68127316,67.82064353,68.15937741,68.3605839,68.18337886,67.92086494
Honduras,HND,"Labor force participation rate, male (% of male population ages 15+) (modeled ILO estimate)",SL.TLF.CACT.MA.ZS,..,..,..,..,..,..,..,..,..,..,..,..,..,..,..,..,..,..,..,..,..,..,..,..,..,..,..,..,..,..,87.351,87.345,87.288,87.22,87.17,87.084,87.009,86.913,86.801,86.708,85.408,84.749,84.075,83.387,82.685,81.969,81.277,80.108,79.728,80.707,81.18,79.783,78.508,81.912,82.297,81.628,80.726,82.953,82.955,81.822,71.951,73.311,73.68,73.622,73.589,73.541
"Hong Kong SAR, China",HKG,"Labor force participation rate, male (% of male population ages 15+) (modeled ILO estimate)",SL.TLF.CACT.MA.ZS,..,..,..,..,..,..,..,..,..,..,..,..,..,..,..,..,..,..,..,..,..,..,..,..,..,..,..,..,..,..,79.14,78.811,78.053,77.771,77.014,76.325,75.619,75.102,74.574,73.938,73.298,72.528,71.995,71.52,71.197,70.642,70.273,69.848,68.94,68.667,67.765,67.669,67.964,68.493,68.094,68.117,67.924,67.66,67.966,66.826,65.534,65.033,64.187,63.412,62.585,62.073
Hungary,HUN,"Labor force participation rate, male (% of male population ages 15+) (modeled ILO estimate)",SL.TLF.CACT.MA.ZS,..,..,..,..,..,..,..,..,..,..,..,..,..,..,..,..,..,..,..,..,..,..,..,..,..,..,..,..,..,..,57.605,57.501,57.446,57.425,57.357,57.299,57.272,57.224,57.189,57.278,57.51,57.828,58.098,58.288,58.474,58.584,58.634,58.576,58.463,58.048,58.057,58.342,58.987,60.056,61.919,63.315,64.553,65.429,65.869,66.422,66.351,66.787,67.405,67.945,67.595,67.507
IBRD only,IBD,"Labor force participation rate, male (% of male population ages 15+) (modeled ILO estimate)",SL.TLF.CACT.MA.ZS,..,..,..,..,..,..,..,..,..,..,..,..,..,..,..,..,..,..,..,..,..,..,..,..,..,..,..,..,..,..,81.96276151,81.80925569,81.58531229,81.27788392,81.04790567,80.80312829,80.45741334,80.22645312,79.93016414,79.8298286,79.51610251,79.21830587,78.8814246,78.62408786,78.52123941,78.27657128,78.03056074,77.82704837,77.62993484,77.35916771,77.15200938,76.99626094,76.71580093,76.38535824,76.1449204,75.86443575,75.52697525,75.14121006,74.84600797,74.51877053,72.70928667,73.53903282,73.70021847,73.92633572,73.71278085,73.51475487
Iceland,ISL,"Labor force participation rate, male (% of male population ages 15+) (modeled ILO estimate)",SL.TLF.CACT.MA.ZS,..,..,..,..,..,..,..,..,..,..,..,..,..,..,..,..,..,..,..,..,..,..,..,..,..,..,..,..,..,..,79.181,79.305,79.474,78.485,78.527,81.267,80.118,79.478,80.681,81.367,82.299,83.055,81.754,82.45,82.223,80.543,81.94,82.781,81.982,79.361,78.864,78.329,77.951,78.74,80.054,80.561,81.789,81.078,80.18,79.732,77.591,77.476,78.185,78.93,79.832,79.611
IDA & IBRD total,IBT,"Labor force participation rate, male (% of male population ages 15+) (modeled ILO estimate)",SL.TLF.CACT.MA.ZS,..,..,..,..,..,..,..,..,..,..,..,..,..,..,..,..,..,..,..,..,..,..,..,..,..,..,..,..,..,..,81.84453658,81.68160868,81.50426461,81.2236753,81.0248929,80.81566804,80.54933676,80.37242867,80.11631644,80.02402237,79.74179558,79.48688484,79.19913786,78.96748663,78.85868834,78.61246717,78.35398989,78.11925963,77.88198437,77.60499167,77.37368633,77.22938934,76.92936531,76.68538046,76.37221072,76.09474376,75.78085303,75.42544214,75.15565082,74.83472273,73.26450292,73.93360104,74.16724191,74.37988174,74.18571843,74.02124238
IDA blend,IDB,"Labor force participation rate, male (% of male population ages 15+) (modeled ILO estimate)",SL.TLF.CACT.MA.ZS,..,..,..,..,..,..,..,..,..,..,..,..,..,..,..,..,..,..,..,..,..,..,..,..,..,..,..,..,..,..,83.52743675,83.0023659,83.18696566,82.83901893,82.80698038,82.93691866,83.05528862,83.1496548,82.79798019,82.68482329,82.50056671,82.37819879,82.20397843,81.91505959,81.594281,80.97751552,80.30961619,80.0608567,79.75910126,79.65994609,79.45289034,79.22726868,79.34115253,79.45145557,79.03946954,79.52238851,79.62176657,79.45263501,79.30716161,78.92402545,78.05718181,78.96936335,79.50296228,79.21445167,79.18074754,79.14569778
IDA only,IDX,"Labor force participation rate, male (% of male population ages 15+) (modeled ILO estimate)",SL.TLF.CACT.MA.ZS,..,..,..,..,..,..,..,..,..,..,..,..,..,..,..,..,..,..,..,..,..,..,..,..,..,..,..,..,..,..,80.09619059,80.05830056,80.03040458,79.98297719,79.91875823,79.77737031,79.84834818,79.88682928,79.94338446,79.90344496,79.76481056,79.70671167,79.66716106,79.61808419,79.5655693,79.49263362,79.35743064,78.90573036,78.42666856,77.99037604,77.57577291,77.52948643,76.86401732,76.92546468,76.22151243,75.52564061,75.10749852,74.80760736,74.59320262,74.32112846,73.63366507,73.27169886,73.66916386,74.0440671,73.82350827,73.72278028
IDA total,IDA,"Labor force participation rate, male (% of male population ages 15+) (modeled ILO estimate)",SL.TLF.CACT.MA.ZS,..,..,..,..,..,..,..,..,..,..,..,..,..,..,..,..,..,..,..,..,..,..,..,..,..,..,..,..,..,..,81.28341885,81.08049588,81.1258531,80.9728673,80.91946821,80.87254309,80.96267748,81.02392884,80.94057554,80.8766291,80.72424247,80.64662075,80.56106918,80.42851729,80.28324017,80.01919071,79.69568522,79.31710318,78.90264626,78.58854713,78.24985795,78.13964846,77.75382508,77.83258568,77.232385,76.95656399,76.71895918,76.46147504,76.26825058,75.95318251,75.19937004,75.28644563,75.7296232,75.91294664,75.76771272,75.68946673
India,IND,"Labor force participation rate, male (% of male population ages 15+) (modeled ILO estimate)",SL.TLF.CACT.MA.ZS,..,..,..,..,..,..,..,..,..,..,..,..,..,..,..,..,..,..,..,..,..,..,..,..,..,..,..,..,..,..,84.006,83.981,83.944,83.9,83.843,83.927,84.005,84.084,84.16,84.234,84.302,83.92,83.534,83.144,82.751,82.363,81.813,81.266,80.724,80.193,79.669,79.231,78.797,78.605,78.354,78.035,77.692,77.336,76.974,76.613,75.693,75.964,76.503,77.115,77.594,77.623
Indonesia,IDN,"Labor force participation rate, male (% of male population ages 15+) (modeled ILO estimate)",SL.TLF.CACT.MA.ZS,..,..,..,..,..,..,..,..,..,..,..,..,..,..,..,..,..,..,..,..,..,..,..,..,..,..,..,..,..,..,82.706,82.817,82.69,82.253,83.334,83.386,83.438,83.205,83.091,83.583,84.135,84.568,84.198,83.771,84.377,82.96,82.633,82.805,82.532,81.952,82.337,82.974,83.469,82.919,82.719,82.488,81.772,81.529,82.251,82.6,81.673,79.741,81.549,82.382,82.336,82.278
"Iran, Islamic Rep.",IRN,"Labor force participation rate, male (% of male population ages 15+) (modeled ILO estimate)",SL.TLF.CACT.MA.ZS,..,..,..,..,..,..,..,..,..,..,..,..,..,..,..,..,..,..,..,..,..,..,..,..,..,..,..,..,..,..,82.524,81.711,80.723,79.63,78.416,77.109,75.725,75.166,74.598,74.068,73.599,73.213,72.869,72.637,72.548,72.515,71.37,70.648,68.63,69.298,68.452,66.703,67.75,68.039,67.874,68.628,69.296,70.274,70.615,70.431,68.192,68.214,66.919,68.182,67.69,67.239
Iraq,IRQ,"Labor force participation rate, male (% of male population ages 15+) (modeled ILO estimate)",SL.TLF.CACT.MA.ZS,..,..,..,..,..,..,..,..,..,..,..,..,..,..,..,..,..,..,..,..,..,..,..,..,..,..,..,..,..,..,79.665,79.584,79.216,79.037,78.875,78.66,78.481,78.167,77.612,77.05,76.487,75.923,75.357,74.81,74.286,73.762,73.246,72.735,72.496,72.212,71.912,71.615,71.321,72.289,73.218,72.895,72.586,73.416,71.925,70.247,70.472,69.095,72.411,72.924,72.62,72.579
Ireland,IRL,"Labor force participation rate, male (% of male population ages 15+) (modeled ILO estimate)",SL.TLF.CACT.MA.ZS,..,..,..,..,..,..,..,..,..,..,..,..,..,..,..,..,..,..,..,..,..,..,..,..,..,..,..,..,..,..,79.929,80.011,78.051,77.809,77.876,77.684,78.228,76.933,77.332,77.059,77.159,76.851,76.068,75.706,75.678,76.542,76.561,76.38,75.213,72.261,70.169,69.162,68.708,68.83,68.792,69.024,68.958,68.49,68.511,68.64,67.347,69.449,69.966,72.43,70.374,70.113
Isle of Man,IMN,"Labor force participation rate, male (% of male population ages 15+) (modeled ILO estimate)",SL.TLF.CACT.MA.ZS,..,..,..,..,..,..,..,..,..,..,..,..,..,..,..,..,..,..,..,..,..,..,..,..,..,..,..,..,..,..,..,..,..,..,..,..,..,..,..,..,..,..,..,..,..,..,..,..,..,..,..,..,..,..,..,..,..,..,..,..,..,..,..,..,..,..
Israel,ISR,"Labor force participation rate, male (% of male population ages 15+) (modeled ILO estimate)",SL.TLF.CACT.MA.ZS,..,..,..,..,..,..,..,..,..,..,..,..,..,..,..,..,..,..,..,..,..,..,..,..,..,..,..,..,..,..,71.857,71.905,71.566,73.277,73.304,73.167,71.995,71.209,70.097,69.555,69.686,69.369,68.244,67.957,68.44,68.671,69.141,69.732,69.77,68.908,69.337,69.236,71.472,71.319,71.347,71.234,71.091,70.924,70.197,69.548,67.56,67.073,68.493,68.896,68.898,68.797
Italy,ITA,"Labor force participation rate, male (% of male population ages 15+) (modeled ILO estimate)",SL.TLF.CACT.MA.ZS,..,..,..,..,..,..,..,..,..,..,..,..,..,..,..,..,..,..,..,..,..,..,..,..,..,..,..,..,..,..,66.432,66.389,64.36,63.836,62.577,61.757,61.874,61.713,61.753,61.511,61.301,60.929,61.177,61.444,61.796,60.998,60.779,60.387,60.328,59.489,58.972,58.539,59.053,58.431,58.454,58.591,58.958,59.074,59.076,58.856,57.512,57.556,58.092,58.816,58.664,58.295
Jamaica,JAM,"Labor force participation rate, male (% of male population ages 15+) (modeled ILO estimate)",SL.TLF.CACT.MA.ZS,..,..,..,..,..,..,..,..,..,..,..,..,..,..,..,..,..,..,..,..,..,..,..,..,..,..,..,..,..,..,79.131,78.865,78.582,78.264,77.921,77.561,77.188,76.794,76.404,75.874,75.574,75.281,74.955,74.622,74.5,74.294,74.031,73.726,73.398,70.901,68.927,69.273,68.705,70.016,70.898,72.697,72.427,72.974,72.894,74.337,72.332,73.242,74.744,76.117,76.208,76.337
Japan,JPN,"Labor force participation rate, male (% of male population ages 15+) (modeled ILO estimate)",SL.TLF.CACT.MA.ZS,..,..,..,..,..,..,..,..,..,..,..,..,..,..,..,..,..,..,..,..,..,..,..,..,..,..,..,..,..,..,77.309,77.534,77.894,77.949,77.704,77.524,77.614,77.636,77.205,76.797,76.328,75.565,74.646,74.016,73.316,73.201,73.107,73.077,72.628,71.96,71.491,71.085,70.665,70.395,70.341,70.209,70.364,70.437,71.084,71.317,71.352,71.18,71.354,71.461,71.495,71.478
Jordan,JOR,"Labor force participation rate, male (% of male population ages 15+) (modeled ILO estimate)",SL.TLF.CACT.MA.ZS,..,..,..,..,..,..,..,..,..,..,..,..,..,..,..,..,..,..,..,..,..,..,..,..,..,..,..,..,..,..,65.302,64.638,63.844,63.574,63.353,63.164,63.272,63.375,63.509,63.614,63.657,63.199,62.068,61.238,61.953,62.648,61.398,62.94,62.825,63.447,62.48,61.62,60.275,59.239,58.199,59.314,60.504,61.623,61.478,62.561,62.815,61.381,61.285,62.524,62.313,62.473
Kazakhstan,KAZ,"Labor force participation rate, male (% of male population ages 15+) (modeled ILO estimate)",SL.TLF.CACT.MA.ZS,..,..,..,..,..,..,..,..,..,..,..,..,..,..,..,..,..,..,..,..,..,..,..,..,..,..,..,..,..,..,75.758,76.211,76.447,76.861,77.456,77.817,77.705,77.518,77.507,77.326,76.9,76.376,76.036,75.727,75.668,75.003,75.035,75.584,76.151,76.21,76.162,76.102,76.092,76.048,76.043,76.114,76.189,76.184,76.159,76.155,75.389,75.179,76.185,76.294,76.388,73.373
Kenya,KEN,"Labor force participation rate, male (% of male population ages 15+) (modeled ILO estimate)",SL.TLF.CACT.MA.ZS,..,..,..,..,..,..,..,..,..,..,..,..,..,..,..,..,..,..,..,..,..,..,..,..,..,..,..,..,..,..,76.392,76.208,76.018,75.806,75.573,75.34,75.119,74.893,74.67,74.418,74.601,74.784,74.966,75.147,75.327,75.507,75.687,75.866,76.045,76.223,76.4,76.577,76.754,76.93,77.105,77.28,77.454,76.004,74.487,72.904,72.112,72.376,72.295,72.098,71.94,71.85
Kiribati,KIR,"Labor force participation rate, male (% of male population ages 15+) (modeled ILO estimate)",SL.TLF.CACT.MA.ZS,..,..,..,..,..,..,..,..,..,..,..,..,..,..,..,..,..,..,..,..,..,..,..,..,..,..,..,..,..,..,..,..,..,..,..,..,..,..,..,..,..,..,..,..,..,..,..,..,..,..,..,..,..,..,..,..,..,..,..,..,..,..,..,..,..,..
"Korea, Dem. People's Rep.",PRK,"Labor force participation rate, male (% of male population ages 15+) (modeled ILO estimate)",SL.TLF.CACT.MA.ZS,..,..,..,..,..,..,..,..,..,..,..,..,..,..,..,..,..,..,..,..,..,..,..,..,..,..,..,..,..,..,86.858,86.875,86.894,86.898,86.897,86.893,86.885,86.868,86.86,86.869,86.865,86.867,86.866,86.865,86.864,86.863,86.861,86.857,86.856,86.851,86.846,86.84,86.835,86.828,86.821,86.813,86.807,86.801,86.792,86.788,85.136,85.133,86.799,86.783,86.777,86.757
"Korea, Rep.",KOR,"Labor force participation rate, male (% of male population ages 15+) (modeled ILO estimate)",SL.TLF.CACT.MA.ZS,..,..,..,..,..,..,..,..,..,..,..,..,..,..,..,..,..,..,..,..,..,..,..,..,..,..,..,..,..,..,71.412,72.825,73.404,73.466,74.147,74.253,74.172,74.008,73.074,72.46,71.948,72.018,72.676,72.566,72.824,72.293,71.942,71.834,71.119,70.714,70.741,71.139,71.469,71.943,72.709,72.802,72.739,72.81,72.359,72.293,71.503,71.554,72.658,72.58,72.181,72.002
Kosovo,XKX,"Labor force participation rate, male (% of male population ages 15+) (modeled ILO estimate)",SL.TLF.CACT.MA.ZS,..,..,..,..,..,..,..,..,..,..,..,..,..,..,..,..,..,..,..,..,..,..,..,..,..,..,..,..,..,..,..,..,..,..,..,..,..,..,..,..,..,..,..,..,..,..,..,..,..,..,..,..,..,..,..,..,..,..,..,..,..,..,..,..,..,..
Kuwait,KWT,"Labor force participation rate, male (% of male population ages 15+) (modeled ILO estimate)",SL.TLF.CACT.MA.ZS,..,..,..,..,..,..,..,..,..,..,..,..,..,..,..,..,..,..,..,..,..,..,..,..,..,..,..,..,..,..,80.962,80.035,79.275,79.585,81.491,82.83,82.455,81.459,80.577,79.922,79.574,79.572,79.905,80.525,81.583,82.229,82.287,82.354,82.655,83.175,83.88,84.99,85.996,86.561,86.935,87.188,87.303,87.516,87.39,87.115,82.65,84.279,88.622,88.832,88.737,88.559
Kyrgyz Republic,KGZ,"Labor force participation rate, male (% of male population ages 15+) (modeled ILO estimate)",SL.TLF.CACT.MA.ZS,..,..,..,..,..,..,..,..,..,..,..,..,..,..,..,..,..,..,..,..,..,..,..,..,..,..,..,..,..,..,72.159,73.134,74.758,76.508,78.831,79.499,78.944,78.115,78.049,77.829,77.392,76.927,76.996,76.367,75.752,75.853,75.583,74.733,73.889,73.668,73.847,75.052,73.515,71.697,71.221,72.028,72.785,71.947,73.627,74.493,71.514,74.963,73.986,71.172,71.5,71.396
Lao PDR,LAO,"Labor force participation rate, male (% of male population ages 15+) (modeled ILO estimate)",SL.TLF.CACT.MA.ZS,..,..,..,..,..,..,..,..,..,..,..,..,..,..,..,..,..,..,..,..,..,..,..,..,..,..,..,..,..,..,64.65,64.665,64.694,64.725,64.773,64.806,64.833,64.854,64.861,64.874,64.878,64.877,64.871,64.859,64.84,64.811,64.761,64.706,64.638,64.563,64.462,64.354,64.234,64.101,63.962,63.824,63.685,63.542,64.911,66.29,67.147,68.92,70.642,70.585,70.527,70.629
Late-demographic dividend,LTE,"Labor force participation rate, male (% of male population ages 15+) (modeled ILO estimate)",SL.TLF.CACT.MA.ZS,..,..,..,..,..,..,..,..,..,..,..,..,..,..,..,..,..,..,..,..,..,..,..,..,..,..,..,..,..,..,82.74710007,82.47899483,82.12283804,81.64645055,81.15516335,80.74147877,80.14955149,79.71967781,79.21732456,79.00268778,78.52917415,78.28489619,78.07489842,77.85097404,77.73385742,77.6057793,77.45361912,77.35493776,77.33052075,77.20203058,77.01157867,76.8957582,76.53853391,76.10526766,75.82540661,75.54945115,75.14343178,74.64785809,74.21493114,73.77199106,72.04502259,73.09474343,72.27393153,72.1832506,71.49885321,71.11484884
Latin America & Caribbean,LCN,"Labor force participation rate, male (% of male population ages 15+) (modeled ILO estimate)",SL.TLF.CACT.MA.ZS,..,..,..,..,..,..,..,..,..,..,..,..,..,..,..,..,..,..,..,..,..,..,..,..,..,..,..,..,..,..,81.57070042,81.68817003,81.58642992,81.54429235,81.30813013,80.93259009,80.17146286,80.60483429,80.44411915,80.1416639,79.69830343,79.27545023,78.91716213,78.85427199,78.90074965,78.88946383,78.93000225,78.5700303,78.39550102,78.21884895,77.76041733,77.44860726,77.39261484,77.03398967,76.76133265,76.63681021,76.3327728,76.25432637,76.05425535,75.83890048,71.5348488,73.99990758,74.82041361,74.64936782,74.76549072,74.64535995
Latin America & Caribbean (excluding high income),LAC,"Labor force participation rate, male (% of male population ages 15+) (modeled ILO estimate)",SL.TLF.CACT.MA.ZS,..,..,..,..,..,..,..,..,..,..,..,..,..,..,..,..,..,..,..,..,..,..,..,..,..,..,..,..,..,..,82.1543919,82.25207387,82.12625106,82.05065103,81.78230867,81.34081863,80.51291133,80.98829232,80.80956554,80.53540366,80.10585497,79.68174814,79.34168255,79.289804,79.34916069,79.33656809,79.34001543,78.94530259,78.75928103,78.63586831,78.10968713,77.7670093,77.70093053,77.33743199,77.04748466,76.93432149,76.64174465,76.55151957,76.31801292,76.1196501,71.81927365,74.37759797,75.15035513,74.96773898,75.06271702,74.93811339
Latin America & the Caribbean (IDA & IBRD countries),TLA,"Labor force participation rate, male (% of male population ages 15+) (modeled ILO estimate)",SL.TLF.CACT.MA.ZS,..,..,..,..,..,..,..,..,..,..,..,..,..,..,..,..,..,..,..,..,..,..,..,..,..,..,..,..,..,..,82.20240554,82.27047099,82.13451853,82.04098436,81.78461509,81.38918346,80.58321923,81.01667377,80.84204272,80.54650271,80.09690361,79.66334042,79.2985176,79.23697063,79.28860301,79.28364123,79.34769983,78.9920748,78.82778828,78.62229974,78.17255987,77.86340274,77.81072655,77.44607315,77.16970554,77.04180778,76.72479572,76.64023893,76.42976596,76.21381419,71.85154142,74.35527704,75.13764979,74.96097574,75.07849209,74.95697509
Latvia,LVA,"Labor force participation rate, male (% of male population ages 15+) (modeled ILO estimate)",SL.TLF.CACT.MA.ZS,..,..,..,..,..,..,..,..,..,..,..,..,..,..,..,..,..,..,..,..,..,..,..,..,..,..,..,..,..,..,68.984,69.303,70.957,70.724,70.139,69.896,69.485,68.712,68.16,67.333,64.946,64.362,65.981,64.734,65.521,65.541,67.507,69.088,69.649,67.072,65.077,65.384,66.557,66.117,66.515,67.399,67.074,67.802,68.305,67.917,68.509,67.234,67.749,67.677,67.242,66.845
Least developed countries: UN classification,LDC,"Labor force participation rate, male (% of male population ages 15+) (modeled ILO estimate)",SL.TLF.CACT.MA.ZS,..,..,..,..,..,..,..,..,..,..,..,..,..,..,..,..,..,..,..,..,..,..,..,..,..,..,..,..,..,..,80.32420444,80.30509864,80.30312748,80.25906002,80.19738329,80.1592926,80.14549203,80.14668861,80.12147958,80.07536836,80.04260214,80.02547083,80.02543696,80.01986466,79.99861632,79.95169658,79.84321204,79.44390803,78.9707124,78.52281518,78.06908992,78.08393244,77.53662172,77.65626375,76.87989349,76.07472915,75.6429201,75.34883168,75.2000652,74.97294795,74.48368126,74.17502443,74.574662,75.15818039,74.91840056,74.84159615
Lebanon,LBN,"Labor force participation rate, male (% of male population ages 15+) (modeled ILO estimate)",SL.TLF.CACT.MA.ZS,..,..,..,..,..,..,..,..,..,..,..,..,..,..,..,..,..,..,..,..,..,..,..,..,..,..,..,..,..,..,73.543,73.431,72.421,71.746,71.223,70.802,70.085,70.016,69.774,69.81,69.724,69.477,69.241,69.014,68.578,67.88,67.19,66.5,66.772,67.038,67.297,67.549,67.794,68.032,68.265,68.606,69.058,69.509,69.958,70.409,71.237,69.415,66.615,66.721,..,..
Lesotho,LSO,"Labor force participation rate, male (% of male population ages 15+) (modeled ILO estimate)",SL.TLF.CACT.MA.ZS,..,..,..,..,..,..,..,..,..,..,..,..,..,..,..,..,..,..,..,..,..,..,..,..,..,..,..,..,..,..,81.316,81.305,81.224,81.071,80.848,80.575,80.285,79.931,79.486,79.004,78.673,78.338,77.997,77.651,77.303,76.951,76.593,76.232,75.871,75.505,75.133,74.756,74.374,73.986,72.921,71.827,70.704,69.552,68.374,67.171,66.527,66.127,67.383,67.301,67.173,66.917
Liberia,LBR,"Labor force participation rate, male (% of male population ages 15+) (modeled ILO estimate)",SL.TLF.CACT.MA.ZS,..,..,..,..,..,..,..,..,..,..,..,..,..,..,..,..,..,..,..,..,..,..,..,..,..,..,..,..,..,..,83.21,83.294,83.233,83.154,83.056,82.954,82.865,82.783,82.719,82.664,82.614,82.569,82.539,82.531,82.543,82.575,82.629,82.69,82.687,82.658,82.641,82.364,82.167,82.225,82.229,82.169,82.078,81.986,81.864,81.7,80.921,81.094,81.57,81.437,81.301,81.229
Libya,LBY,"Labor force participation rate, male (% of male population ages 15+) (modeled ILO estimate)",SL.TLF.CACT.MA.ZS,..,..,..,..,..,..,..,..,..,..,..,..,..,..,..,..,..,..,..,..,..,..,..,..,..,..,..,..,..,..,60.365,60.265,60.152,60.041,59.945,59.881,59.864,59.893,59.987,60.154,60.142,59.974,59.916,59.97,60.107,60.296,60.711,61.276,61.795,62.316,62.848,63.31,63.651,63.872,64.013,64.077,64.093,64.068,64.015,63.937,58.626,59.186,63.422,63.158,62.86,62.545
Liechtenstein,LIE,"Labor force participation rate, male (% of male population ages 15+) (modeled ILO estimate)",SL.TLF.CACT.MA.ZS,..,..,..,..,..,..,..,..,..,..,..,..,..,..,..,..,..,..,..,..,..,..,..,..,..,..,..,..,..,..,..,..,..,..,..,..,..,..,..,..,..,..,..,..,..,..,..,..,..,..,..,..,..,..,..,..,..,..,..,..,..,..,..,..,..,..
Lithuania,LTU,"Labor force participation rate, male (% of male population ages 15+) (modeled ILO estimate)",SL.TLF.CACT.MA.ZS,..,..,..,..,..,..,..,..,..,..,..,..,..,..,..,..,..,..,..,..,..,..,..,..,..,..,..,..,..,..,74.773,74.316,73.776,73.155,72.578,72.035,71.417,70.726,69.97,68.33,66.444,65.273,64.99,66.152,63.772,62.752,61.208,61.86,62.187,61.987,61.861,63.114,63.268,64.139,65.075,64.882,66.014,66.416,67.621,67.829,68.867,68.036,68.207,68.623,69.138,68.951
Low & middle income,LMY,"Labor force participation rate, male (% of male population ages 15+) (modeled ILO estimate)",SL.TLF.CACT.MA.ZS,..,..,..,..,..,..,..,..,..,..,..,..,..,..,..,..,..,..,..,..,..,..,..,..,..,..,..,..,..,..,82.44291791,82.2738438,82.10356556,81.88374378,81.75117042,81.54644712,81.30564338,81.17243264,80.93893605,80.74376211,80.45031808,80.2141465,79.91724521,79.68207683,79.5360845,79.25543915,78.96307796,78.66890271,78.36672181,78.08864778,77.80726781,77.64395046,77.31661911,77.05339837,76.71342521,76.41655864,76.08388636,75.7121465,75.43123568,75.11470054,73.50858284,74.16901369,74.41936254,74.6335572,74.44590514,74.29257081
Low income,LIC,"Labor force participation rate, male (% of male population ages 15+) (modeled ILO estimate)",SL.TLF.CACT.MA.ZS,..,..,..,..,..,..,..,..,..,..,..,..,..,..,..,..,..,..,..,..,..,..,..,..,..,..,..,..,..,..,80.48114826,80.50443423,80.49040604,80.43460895,80.287484,80.20448895,80.34364076,80.4870543,80.56229377,80.46778124,80.36362866,80.23847144,80.11677661,79.99447406,79.90432654,79.77884588,79.54621279,79.22606715,78.94853829,78.67043014,78.38798559,78.44629632,77.35528602,77.71372691,76.76892049,75.75155928,75.24385088,74.68774188,74.44417963,74.11619716,73.35704857,73.08264868,73.82917511,74.6261445,74.39751452,74.29371962
Lower middle income,LMC,"Labor force participation rate, male (% of male population ages 15+) (modeled ILO estimate)",SL.TLF.CACT.MA.ZS,..,..,..,..,..,..,..,..,..,..,..,..,..,..,..,..,..,..,..,..,..,..,..,..,..,..,..,..,..,..,82.62105202,82.49885473,82.50943782,82.49283574,82.47596584,82.5166809,82.52154259,82.5534881,82.48102013,82.56261774,82.46451389,82.10846255,81.7876065,81.55106425,81.31340809,81.00035823,80.60264676,80.13531446,79.67919494,79.23918196,78.91265288,78.58341325,78.27931927,78.12464669,77.78290671,77.5358626,77.25720106,76.90712332,76.68013133,76.37630659,75.42418853,75.82681376,76.29796478,76.60629504,76.82674969,76.81017346
Luxembourg,LUX,"Labor force participation rate, male (% of male population ages 15+) (modeled ILO estimate)",SL.TLF.CACT.MA.ZS,..,..,..,..,..,..,..,..,..,..,..,..,..,..,..,..,..,..,..,..,..,..,..,..,..,..,..,..,..,..,68.277,68.897,68.359,68.381,67.352,66.148,66.243,65.673,65.706,65.248,65.934,65.329,66.246,64.733,64.649,64.98,64.495,64.025,63.529,66.109,65.473,64.426,65.334,65.673,65.792,65.516,64.598,63.462,63.771,65.125,64.253,65.997,64.855,65.849,65.852,65.497
"Macao SAR, China",MAC,"Labor force participation rate, male (% of male population ages 15+) (modeled ILO estimate)",SL.TLF.CACT.MA.ZS,..,..,..,..,..,..,..,..,..,..,..,..,..,..,..,..,..,..,..,..,..,..,..,..,..,..,..,..,..,..,71.181,71.646,71.107,73.447,75.214,76.54,77.501,78.133,77.948,77.32,75.808,74.59,73.013,70.939,71.428,71.693,73.645,75.294,76.373,75.851,76.225,76.601,76.857,76.379,77.191,76.174,75.221,75.631,76.055,75.789,74.639,74.721,74.599,74.419,74.056,73.612
Madagascar,MDG,"Labor force participation rate, male (% of male population ages 15+) (modeled ILO estimate)",SL.TLF.CACT.MA.ZS,..,..,..,..,..,..,..,..,..,..,..,..,..,..,..,..,..,..,..,..,..,..,..,..,..,..,..,..,..,..,88.607,88.564,88.483,88.413,88.383,88.379,88.419,88.482,88.564,88.643,88.71,88.767,88.938,88.947,88.948,88.908,88.978,89.031,89.069,89.089,89.091,89.072,89.034,88.985,88.921,88.851,88.539,88.264,88.035,87.831,87.04,87.271,88.083,88.081,88.051,88.094
Malawi,MWI,"Labor force participation rate, male (% of male population ages 15+) (modeled ILO estimate)",SL.TLF.CACT.MA.ZS,..,..,..,..,..,..,..,..,..,..,..,..,..,..,..,..,..,..,..,..,..,..,..,..,..,..,..,..,..,..,83.193,83.366,83.528,83.662,83.76,83.814,83.83,83.84,83.875,83.876,83.828,83.793,83.771,83.744,83.724,83.73,82.935,82.107,81.245,80.348,79.416,78.449,76.967,75.418,73.803,72.125,70.384,68.586,68.255,67.891,73.859,67.439,67.767,67.726,67.689,67.342
Malaysia,MYS,"Labor force participation rate, male (% of male population ages 15+) (modeled ILO estimate)",SL.TLF.CACT.MA.ZS,..,..,..,..,..,..,..,..,..,..,..,..,..,..,..,..,..,..,..,..,..,..,..,..,..,..,..,..,..,..,76.301,76.215,76.41,76.595,76.777,76.962,77.15,77.339,77.528,77.668,77.675,77.52,77.299,77.095,76.918,76.791,76.734,76.748,76.829,76.967,77.122,77.254,77.556,77.855,78.146,78.196,77.822,77.714,78.068,78.444,78.053,78.364,79.348,79.306,79.181,79.211
Maldives,MDV,"Labor force participation rate, male (% of male population ages 15+) (modeled ILO estimate)",SL.TLF.CACT.MA.ZS,..,..,..,..,..,..,..,..,..,..,..,..,..,..,..,..,..,..,..,..,..,..,..,..,..,..,..,..,..,..,76.017,75.537,74.987,74.378,73.72,72.956,72.646,72.274,71.864,71.424,70.976,70.437,69.898,69.353,68.803,68.244,67.486,66.514,65.536,64.609,65.08,65.571,66.08,66.603,67.132,67.651,68.159,71.038,73.947,76.891,70.308,71.857,76.23,76.108,75.968,76.428
Mali,MLI,"Labor force participation rate, male (% of male population ages 15+) (modeled ILO estimate)",SL.TLF.CACT.MA.ZS,..,..,..,..,..,..,..,..,..,..,..,..,..,..,..,..,..,..,..,..,..,..,..,..,..,..,..,..,..,..,80.224,80.312,80.381,80.414,80.41,80.372,80.317,80.251,80.158,80.057,79.966,79.878,79.808,79.77,79.772,79.821,79.896,79.977,80.077,80.194,80.333,80.484,80.701,80.877,80.934,79.758,80.01,80.259,80.742,81.173,80.957,80.334,81.242,81.141,81.045,81.022
Malta,MLT,"Labor force participation rate, male (% of male population ages 15+) (modeled ILO estimate)",SL.TLF.CACT.MA.ZS,..,..,..,..,..,..,..,..,..,..,..,..,..,..,..,..,..,..,..,..,..,..,..,..,..,..,..,..,..,..,74.273,73.937,73.542,73.05,72.647,72.365,72.213,71.817,71.721,71.261,70.389,71.826,70.157,70.017,69.485,68.077,68.018,67.555,66.723,66.829,67.277,67.54,66.881,67.608,68.172,68.255,68.463,69.033,70,70.693,71.006,71.852,72.049,72.397,71.824,71.55
Marshall Islands,MHL,"Labor force participation rate, male (% of male population ages 15+) (modeled ILO estimate)",SL.TLF.CACT.MA.ZS,..,..,..,..,..,..,..,..,..,..,..,..,..,..,..,..,..,..,..,..,..,..,..,..,..,..,..,..,..,..,..,..,..,..,..,..,..,..,..,..,..,..,..,..,..,..,..,..,..,..,..,..,..,..,..,..,..,..,..,..,..,..,..,..,..,..
Mauritania,MRT,"Labor force participation rate, male (% of male population ages 15+) (modeled ILO estimate)",SL.TLF.CACT.MA.ZS,..,..,..,..,..,..,..,..,..,..,..,..,..,..,..,..,..,..,..,..,..,..,..,..,..,..,..,..,..,..,68.451,68.02,67.58,67.138,66.701,66.268,65.837,65.402,64.964,64.527,64.086,63.832,63.624,63.407,63.186,62.959,62.725,62.482,62.226,61.968,61.724,61.493,61.274,60.556,59.802,59.043,58.278,57.508,57.427,57.304,56.669,56.753,57.231,57.002,56.851,56.613
Mauritius,MUS,"Labor force participation rate, male (% of male population ages 15+) (modeled ILO estimate)",SL.TLF.CACT.MA.ZS,..,..,..,..,..,..,..,..,..,..,..,..,..,..,..,..,..,..,..,..,..,..,..,..,..,..,..,..,..,..,81.739,81.534,81.271,80.982,80.657,80.291,79.982,79.679,79.363,79.025,78.683,78.564,78.368,79.639,77.694,77.139,76.407,75.79,75.074,74.89,74.913,74.246,74.361,74.449,74.693,74.256,73.819,73.953,72.822,72.932,68.174,64.467,68.477,70.301,69.877,69.671
Mexico,MEX,"Labor force participation rate, male (% of male population ages 15+) (modeled ILO estimate)",SL.TLF.CACT.MA.ZS,..,..,..,..,..,..,..,..,..,..,..,..,..,..,..,..,..,..,..,..,..,..,..,..,..,..,..,..,..,..,84.013,83.956,84.194,84.496,84.038,82.898,83.005,83.689,83.448,82.735,82.128,81.496,80.381,80.386,80.313,80.706,80.98,80.644,80.203,79.466,79.258,79.027,79.322,78.935,78.796,78.568,78.273,78.237,78.165,78.057,72.492,76.673,77.314,77.551,77.215,77.113
"Micronesia, Fed. Sts.",FSM,"Labor force participation rate, male (% of male population ages 15+) (modeled ILO estimate)",SL.TLF.CACT.MA.ZS,..,..,..,..,..,..,..,..,..,..,..,..,..,..,..,..,..,..,..,..,..,..,..,..,..,..,..,..,..,..,..,..,..,..,..,..,..,..,..,..,..,..,..,..,..,..,..,..,..,..,..,..,..,..,..,..,..,..,..,..,..,..,..,..,..,..
"Middle East, North Africa, Afghanistan & Pakistan",MEA,"Labor force participation rate, male (% of male population ages 15+) (modeled ILO estimate)",SL.TLF.CACT.MA.ZS,..,..,..,..,..,..,..,..,..,..,..,..,..,..,..,..,..,..,..,..,..,..,..,..,..,..,..,..,..,..,79.28789622,78.59863356,78.43576389,78.23740241,78.0069543,77.73008556,77.55114392,77.49092001,77.01205137,77.12924356,76.62197299,75.94871987,75.47960414,75.33268438,75.23045086,74.93249011,74.47637931,74.23272381,73.91781861,73.90412598,74.25232632,73.80437499,73.87724677,73.98975065,73.60306383,73.45293929,73.49086435,73.24690238,73.29840691,73.18083823,71.76986065,72.3742508,73.06129032,73.51647571,73.44486818,73.32728027
"Middle East, North Africa, Afghanistan & Pakistan (excluding high income)",MNA,"Labor force participation rate, male (% of male population ages 15+) (modeled ILO estimate)",SL.TLF.CACT.MA.ZS,..,..,..,..,..,..,..,..,..,..,..,..,..,..,..,..,..,..,..,..,..,..,..,..,..,..,..,..,..,..,79.23674961,78.50358984,78.32737374,78.10476644,77.87044914,77.59634043,77.46074182,77.4583824,77.00185642,77.17813548,76.57798103,75.91688919,75.48136545,75.37275756,75.29306936,74.99007985,74.48239147,74.14928076,73.73294333,73.68525967,73.94175254,73.29770882,73.14541382,73.06547219,72.48296565,72.17538059,72.10947534,71.8707381,71.93749691,71.74848969,70.37782682,71.1413662,71.76139405,72.01074057,71.84063718,71.69472938
"Middle East, North Africa, Afghanistan & Pakistan (IDA & IBRD)",TMN,"Labor force participation rate, male (% of male population ages 15+) (modeled ILO estimate)",SL.TLF.CACT.MA.ZS,..,..,..,..,..,..,..,..,..,..,..,..,..,..,..,..,..,..,..,..,..,..,..,..,..,..,..,..,..,..,79.28444671,78.54879765,78.3740313,78.15161535,77.91736121,77.64361456,77.50738265,77.50880992,77.05314636,77.23202576,76.62499456,75.98657745,75.55626081,75.42876904,75.35606163,75.04598881,74.53951158,74.19873479,73.78473261,73.73467198,73.98423946,73.33004839,73.17642292,73.09249431,72.50708608,72.18372812,72.11613088,71.87426347,71.94826422,71.75225953,70.40282225,71.147228,71.75926465,72.01074057,71.84063718,71.69472938
Middle income,MIC,"Labor force participation rate, male (% of male population ages 15+) (modeled ILO estimate)",SL.TLF.CACT.MA.ZS,..,..,..,..,..,..,..,..,..,..,..,..,..,..,..,..,..,..,..,..,..,..,..,..,..,..,..,..,..,..,82.56572643,82.38502777,82.2057778,81.97645507,81.84557448,81.63363065,81.36848086,81.21735625,80.96375105,80.76207287,80.45610475,80.21251156,79.90370282,79.66064456,79.5105602,79.21875864,78.92164995,78.62869679,78.32409627,78.04537814,77.76339275,77.58234282,77.31360594,77.00130329,76.70899444,76.47037718,76.15298707,75.79795349,75.51553658,75.20173638,73.52205954,74.2675395,74.47434906,74.63421328,74.45020659,74.29246672
Moldova,MDA,"Labor force participation rate, male (% of male population ages 15+) (modeled ILO estimate)",SL.TLF.CACT.MA.ZS,..,..,..,..,..,..,..,..,..,..,..,..,..,..,..,..,..,..,..,..,..,..,..,..,..,..,..,..,..,..,62.897,63.235,63.478,63.585,63.686,63.662,63.872,63.792,64.055,64.184,64.093,61.716,60.102,58.637,55.75,54.565,59.087,58.819,59.997,61.585,64.173,64.43,64.207,64.849,69.334,71.17,71.078,69.417,67.822,70.543,71.63,74.778,73.749,71.679,72.137,72.241
Monaco,MCO,"Labor force participation rate, male (% of male population ages 15+) (modeled ILO estimate)",SL.TLF.CACT.MA.ZS,..,..,..,..,..,..,..,..,..,..,..,..,..,..,..,..,..,..,..,..,..,..,..,..,..,..,..,..,..,..,..,..,..,..,..,..,..,..,..,..,..,..,..,..,..,..,..,..,..,..,..,..,..,..,..,..,..,..,..,..,..,..,..,..,..,..
Mongolia,MNG,"Labor force participation rate, male (% of male population ages 15+) (modeled ILO estimate)",SL.TLF.CACT.MA.ZS,..,..,..,..,..,..,..,..,..,..,..,..,..,..,..,..,..,..,..,..,..,..,..,..,..,..,..,..,..,..,63.191,63.938,64.563,64.857,64.954,64.889,65.028,65.098,65.2,65.313,65.487,65.545,65.508,65.357,65.038,64.868,64.668,64.439,63.733,64,64.606,65.911,65.739,65.577,66.001,66.168,64.948,65.829,68.051,73.532,71.039,69.498,70.867,69.493,68.818,68.217
Montenegro,MNE,"Labor force participation rate, male (% of male population ages 15+) (modeled ILO estimate)",SL.TLF.CACT.MA.ZS,..,..,..,..,..,..,..,..,..,..,..,..,..,..,..,..,..,..,..,..,..,..,..,..,..,..,..,..,..,..,58.669,58.88,58.939,58.849,58.505,58.087,57.734,57.444,57.085,57.306,56.98,56.776,56.513,56.22,55.937,55.755,55.527,55.456,55.458,55.607,55.651,55.656,56.774,56.667,58.97,59.292,60.555,60.781,62.492,63.075,58.194,55.535,63.286,66.13,65.813,65.445
Morocco,MAR,"Labor force participation rate, male (% of male population ages 15+) (modeled ILO estimate)",SL.TLF.CACT.MA.ZS,..,..,..,..,..,..,..,..,..,..,..,..,..,..,..,..,..,..,..,..,..,..,..,..,..,..,..,..,..,..,80.296,79.824,80.03,80.12,79.381,79.801,78.901,79.009,78.477,78.358,78.178,77.629,77.043,76.744,76.435,76.107,75.764,75.423,75.084,74.421,73.756,73.244,72.465,71.87,71.273,70.472,69.688,68.393,69.248,70.118,68.193,69.717,68.841,68.622,68.291,68.059
Mozambique,MOZ,"Labor force participation rate, male (% of male population ages 15+) (modeled ILO estimate)",SL.TLF.CACT.MA.ZS,..,..,..,..,..,..,..,..,..,..,..,..,..,..,..,..,..,..,..,..,..,..,..,..,..,..,..,..,..,..,80.989,80.956,80.92,80.851,80.741,80.615,80.507,80.479,81.098,81.703,82.293,82.869,83.433,83.984,83.666,83.347,83.027,82.706,82.383,82.059,81.734,81.409,81.082,80.754,80.425,80.094,80.135,80.168,80.208,80.258,79.595,79.529,80.64,80.544,80.55,80.518
Myanmar,MMR,"Labor force participation rate, male (% of male population ages 15+) (modeled ILO estimate)",SL.TLF.CACT.MA.ZS,..,..,..,..,..,..,..,..,..,..,..,..,..,..,..,..,..,..,..,..,..,..,..,..,..,..,..,..,..,..,76.97,76.888,77.189,77.355,77.561,77.741,77.9,78.03,78.161,78.409,78.689,78.89,79.073,79.246,79.375,79.462,79.507,79.513,79.483,79.427,79.362,79.32,79.251,79.157,79.051,78.951,77.864,76.736,76.629,75.071,75.973,69.716,69.755,69.736,69.714,69.66
Namibia,NAM,"Labor force participation rate, male (% of male population ages 15+) (modeled ILO estimate)",SL.TLF.CACT.MA.ZS,..,..,..,..,..,..,..,..,..,..,..,..,..,..,..,..,..,..,..,..,..,..,..,..,..,..,..,..,..,..,62.806,62.728,62.706,62.687,62.664,62.062,61.455,60.845,61.144,61.444,61.742,61.801,61.858,61.913,61.969,62.026,62.082,62.14,62.199,62.257,62.314,62.372,62.425,65.144,64.797,65.328,65.856,64.27,62.663,62.816,59.787,60.105,63.38,63.258,63.114,63.041
Naoero,NRU,"Labor force participation rate, male (% of male population ages 15+) (modeled ILO estimate)",SL.TLF.CACT.MA.ZS,..,..,..,..,..,..,..,..,..,..,..,..,..,..,..,..,..,..,..,..,..,..,..,..,..,..,..,..,..,..,..,..,..,..,..,..,..,..,..,..,..,..,..,..,..,..,..,..,..,..,..,..,..,..,..,..,..,..,..,..,..,..,..,..,..,..
Nepal,NPL,"Labor force participation rate, male (% of male population ages 15+) (modeled ILO estimate)",SL.TLF.CACT.MA.ZS,..,..,..,..,..,..,..,..,..,..,..,..,..,..,..,..,..,..,..,..,..,..,..,..,..,..,..,..,..,..,62.041,61.947,61.86,61.817,61.802,61.808,61.825,61.801,61.726,61.621,61.505,61.366,61.225,61.089,60.939,60.717,60.403,60.036,59.602,59.112,58.587,57.972,57.282,56.578,55.885,55.24,54.67,54.2,53.83,53.912,53.269,53.344,53.201,53.169,53.066,52.902
Netherlands,NLD,"Labor force participation rate, male (% of male population ages 15+) (modeled ILO estimate)",SL.TLF.CACT.MA.ZS,..,..,..,..,..,..,..,..,..,..,..,..,..,..,..,..,..,..,..,..,..,..,..,..,..,..,..,..,..,..,78.017,77.975,77.802,77.716,77.623,77.647,77.541,77.432,77.335,77.186,77.032,76.71,76.228,75.742,75.406,75.211,74.892,74.688,74.358,73.768,72.972,72.463,72.696,72.647,72.26,72.374,71.926,71.53,71.784,71.904,71.444,71.296,72.012,72.478,72.151,71.892
New Caledonia,NCL,"Labor force participation rate, male (% of male population ages 15+) (modeled ILO estimate)",SL.TLF.CACT.MA.ZS,..,..,..,..,..,..,..,..,..,..,..,..,..,..,..,..,..,..,..,..,..,..,..,..,..,..,..,..,..,..,70.164,70.19,70.399,70.616,70.754,70.775,70.98,71.092,71.336,71.391,71.369,71.325,71.187,70.968,70.73,70.459,70.2,70.05,69.941,69.773,69.505,69.332,69.225,69.114,68.989,67.705,66.39,65.051,63.657,62.201,62.148,61.971,62.823,62.499,62.395,62.014
New Zealand,NZL,"Labor force participation rate, male (% of male population ages 15+) (modeled ILO estimate)",SL.TLF.CACT.MA.ZS,..,..,..,..,..,..,..,..,..,..,..,..,..,..,..,..,..,..,..,..,..,..,..,..,..,..,..,..,..,..,74.172,73.729,73.039,72.977,73.454,73.936,74.265,74.084,73.333,73.187,73.332,73.589,74.295,73.521,74.24,74.775,75.318,75.354,74.948,74.417,74.134,74.364,73.662,73.268,74.126,74.233,75.289,76.248,75.974,75.19,75.194,75.343,75.627,76.215,74.968,74.739
Nicaragua,NIC,"Labor force participation rate, male (% of male population ages 15+) (modeled ILO estimate)",SL.TLF.CACT.MA.ZS,..,..,..,..,..,..,..,..,..,..,..,..,..,..,..,..,..,..,..,..,..,..,..,..,..,..,..,..,..,..,85.097,84.976,84.839,84.689,84.537,84.379,85.135,85.884,86.62,86.447,86.273,86.094,85.909,85.717,85.518,85.311,85.097,84.876,84.646,84.409,84.166,83.918,83.666,83.41,83.15,82.961,82.776,82.595,82.494,82.383,81.622,82.45,82.096,81.974,81.873,81.758
Niger,NER,"Labor force participation rate, male (% of male population ages 15+) (modeled ILO estimate)",SL.TLF.CACT.MA.ZS,..,..,..,..,..,..,..,..,..,..,..,..,..,..,..,..,..,..,..,..,..,..,..,..,..,..,..,..,..,..,88.815,88.759,88.712,88.67,88.635,88.61,88.617,88.673,88.753,88.855,88.972,89.099,89.236,89.379,89.527,89.671,89.808,89.933,90.044,90.137,90.205,90.244,88.608,86.782,84.758,84.671,84.585,84.497,84.408,84.318,84.325,84.986,86.417,86.417,86.14,86.504
Nigeria,NGA,"Labor force participation rate, male (% of male population ages 15+) (modeled ILO estimate)",SL.TLF.CACT.MA.ZS,..,..,..,..,..,..,..,..,..,..,..,..,..,..,..,..,..,..,..,..,..,..,..,..,..,..,..,..,..,..,89.185,89.597,89.973,90.259,90.547,90.626,90.377,90.112,89.905,89.681,89.278,89.042,88.565,88.258,87.915,87.616,87.216,86.896,86.631,86.578,86.195,86.282,86.166,85.89,85.829,85.782,85.748,85.569,85.497,85.345,83.67,84.327,85.537,84.391,84.385,84.297
North America,NAC,"Labor force participation rate, male (% of male population ages 15+) (modeled ILO estimate)",SL.TLF.CACT.MA.ZS,..,..,..,..,..,..,..,..,..,..,..,..,..,..,..,..,..,..,..,..,..,..,..,..,..,..,..,..,..,..,75.22774368,74.6705347,74.5922878,74.20344811,73.90004561,73.83598847,73.83402419,73.88134573,73.72748117,73.66492324,73.68071437,73.28512182,73.00439242,72.4883719,72.31550009,72.26978556,72.37042697,72.11093673,71.9152906,70.94588589,70.23726907,69.79052674,69.73664785,69.4087118,68.98168928,68.87343748,68.97117049,68.91219152,68.87309981,68.99315797,67.55601738,67.62133733,67.76142144,67.78344295,67.55193385,67.26433603
North Macedonia,MKD,"Labor force participation rate, male (% of male population ages 15+) (modeled ILO estimate)",SL.TLF.CACT.MA.ZS,..,..,..,..,..,..,..,..,..,..,..,..,..,..,..,..,..,..,..,..,..,..,..,..,..,..,..,..,..,..,67.718,67.967,67.758,67.55,67.304,67.087,66.951,67.177,66.58,65.981,65.565,65.516,65.431,65.301,64.998,64.718,65.744,66.618,67.916,68.021,66.471,66.977,66.868,66.456,66.937,66.418,66.538,65.841,65.083,63.897,63.107,63.12,64.48,62.096,62.244,61.838
Northern Mariana Islands,MNP,"Labor force participation rate, male (% of male population ages 15+) (modeled ILO estimate)",SL.TLF.CACT.MA.ZS,..,..,..,..,..,..,..,..,..,..,..,..,..,..,..,..,..,..,..,..,..,..,..,..,..,..,..,..,..,..,..,..,..,..,..,..,..,..,..,..,..,..,..,..,..,..,..,..,..,..,..,..,..,..,..,..,..,..,..,..,..,..,..,..,..,..
Norway,NOR,"Labor force participation rate, male (% of male population ages 15+) (modeled ILO estimate)",SL.TLF.CACT.MA.ZS,..,..,..,..,..,..,..,..,..,..,..,..,..,..,..,..,..,..,..,..,..,..,..,..,..,..,..,..,..,..,70.677,70.856,71.185,71.449,71.588,72.026,72.12,72.43,72.603,72.436,72.512,72.692,72.521,72.381,72.346,72.646,72.455,72.439,72.372,71.783,70.934,70.547,70.619,70.294,69.927,69.901,69.407,68.657,69.167,69.201,68.844,69.14,69.538,69.489,69.345,69.093
Not classified,INX,"Labor force participation rate, male (% of male population ages 15+) (modeled ILO estimate)",SL.TLF.CACT.MA.ZS,..,..,..,..,..,..,..,..,..,..,..,..,..,..,..,..,..,..,..,..,..,..,..,..,..,..,..,..,..,..,..,..,..,..,..,..,..,..,..,..,..,..,..,..,..,..,..,..,..,..,..,..,..,..,..,..,..,..,..,..,..,..,..,..,..,..
OECD members,OED,"Labor force participation rate, male (% of male population ages 15+) (modeled ILO estimate)",SL.TLF.CACT.MA.ZS,..,..,..,..,..,..,..,..,..,..,..,..,..,..,..,..,..,..,..,..,..,..,..,..,..,..,..,..,..,..,73.84770878,73.70346494,73.40896844,73.03642492,72.79197569,72.49534497,72.4430275,72.41141873,72.22592997,71.99197444,71.69887752,71.32067126,70.98758822,70.7298154,70.49773923,70.56274392,70.57253453,70.4096747,70.3328255,69.84167959,69.56319811,69.38858871,69.39999271,69.20728764,69.04480231,68.98539585,69.00268955,69.04667512,69.11750747,69.05380817,67.54469777,68.14713426,68.49433852,68.58439837,68.41934421,68.19192498
Oman,OMN,"Labor force participation rate, male (% of male population ages 15+) (modeled ILO estimate)",SL.TLF.CACT.MA.ZS,..,..,..,..,..,..,..,..,..,..,..,..,..,..,..,..,..,..,..,..,..,..,..,..,..,..,..,..,..,..,76.974,77.417,77.741,78.11,78.086,77.578,77.161,76.638,76.467,76.35,76.035,75.901,76.154,76.557,76.831,76.86,77.122,77.675,78.479,79.536,80.806,82.812,84.686,85.955,86.873,87.569,88.075,88.433,88.648,88.699,85.008,85.426,88.14,88.06,88.06,88.096
Other small states,OSS,"Labor force participation rate, male (% of male population ages 15+) (modeled ILO estimate)",SL.TLF.CACT.MA.ZS,..,..,..,..,..,..,..,..,..,..,..,..,..,..,..,..,..,..,..,..,..,..,..,..,..,..,..,..,..,..,73.71876836,73.3255165,72.71544314,72.09654212,71.92440646,71.54808869,71.01136745,70.58588946,70.09909375,69.45415009,68.6170509,68.29214625,67.72547966,68.21601364,67.66644747,67.19659087,67.34256787,67.14929439,66.74640785,66.2324738,66.07417105,65.94472905,65.61719183,66.00222149,66.0776126,65.91092282,66.04942656,66.26759048,66.43000118,66.72558834,65.23746819,65.03030289,66.6797446,67.0119455,66.67643462,66.51955125
Pacific island small states,PSS,"Labor force participation rate, male (% of male population ages 15+) (modeled ILO estimate)",SL.TLF.CACT.MA.ZS,..,..,..,..,..,..,..,..,..,..,..,..,..,..,..,..,..,..,..,..,..,..,..,..,..,..,..,..,..,..,79.26716942,79.3413055,79.21898105,79.20160567,79.14682267,79.07497319,79.03292093,79.17138838,79.28227172,79.40060037,79.61486125,79.75306947,79.85097227,79.87843549,79.90521016,79.00427655,79.20565166,79.16615904,79.06409791,78.97372985,78.77750349,78.80794009,78.16609104,77.48045002,76.81741154,76.91822095,76.95059594,76.82404748,76.54399003,76.2801304,73.78562926,73.83996063,75.73098532,75.66204096,75.61271091,75.5294688
Pakistan,PAK,"Labor force participation rate, male (% of male population ages 15+) (modeled ILO estimate)",SL.TLF.CACT.MA.ZS,..,..,..,..,..,..,..,..,..,..,..,..,..,..,..,..,..,..,..,..,..,..,..,..,..,..,..,..,..,..,84.027,82.384,82.542,81.436,81.167,81.533,82.239,82.872,82.335,82.442,82.505,82.541,82.647,82.3,81.878,80.702,79.509,79.257,78.879,78.736,78.671,78.087,78.508,78.923,77.866,78.943,79.072,79.186,79.288,78.887,78.737,80.123,79.939,80.077,80.083,80.139
Palau,PLW,"Labor force participation rate, male (% of male population ages 15+) (modeled ILO estimate)",SL.TLF.CACT.MA.ZS,..,..,..,..,..,..,..,..,..,..,..,..,..,..,..,..,..,..,..,..,..,..,..,..,..,..,..,..,..,..,..,..,..,..,..,..,..,..,..,..,..,..,..,..,..,..,..,..,..,..,..,..,..,..,..,..,..,..,..,..,..,..,..,..,..,..
Panama,PAN,"Labor force participation rate, male (% of male population ages 15+) (modeled ILO estimate)",SL.TLF.CACT.MA.ZS,..,..,..,..,..,..,..,..,..,..,..,..,..,..,..,..,..,..,..,..,..,..,..,..,..,..,..,..,..,..,76.44,77.89,79.307,80.641,80.552,81.207,81.1,80.94,81.581,81.354,81.246,81.123,80.985,80.789,81.652,81.259,80.768,80.744,82.893,80.201,81.58,80.05,81.444,81.477,80.931,80.006,80.403,79.685,80.825,80.85,77.026,76.929,80.73,77.802,77.999,77.864
Papua New Guinea,PNG,"Labor force participation rate, male (% of male population ages 15+) (modeled ILO estimate)",SL.TLF.CACT.MA.ZS,..,..,..,..,..,..,..,..,..,..,..,..,..,..,..,..,..,..,..,..,..,..,..,..,..,..,..,..,..,..,49.023,48.999,48.937,48.804,48.778,48.863,48.82,48.903,48.966,48.978,49.013,49.028,49.038,49.04,49.041,49.035,49.029,49.011,49.025,49.01,48.971,49.369,49.743,50.121,50.414,50.755,51.103,51.473,51.892,52.249,52.134,52.72,53.265,53.215,53.163,53.262
Paraguay,PRY,"Labor force participation rate, male (% of male population ages 15+) (modeled ILO estimate)",SL.TLF.CACT.MA.ZS,..,..,..,..,..,..,..,..,..,..,..,..,..,..,..,..,..,..,..,..,..,..,..,..,..,..,..,..,..,..,86.891,87.15,87.195,87.428,87.644,87.936,87.804,87.849,87.561,87.134,86.587,86.119,85.695,83.606,85.796,84.841,83.033,83.558,84.796,84.077,82.403,81.353,82.675,82.048,81.52,81.034,83.485,84.267,84.364,84.58,83.201,84.076,82.277,82.624,81.715,81.607
Peru,PER,"Labor force participation rate, male (% of male population ages 15+) (modeled ILO estimate)",SL.TLF.CACT.MA.ZS,..,..,..,..,..,..,..,..,..,..,..,..,..,..,..,..,..,..,..,..,..,..,..,..,..,..,..,..,..,..,74.767,74.826,74.699,75.24,75.76,76.984,77.19,77.375,78.893,78.819,78.19,79.118,79.863,80.583,81.28,81.955,84.767,86.383,86.197,86.633,86.523,86.172,86.1,85.634,84.952,84.294,83.173,84.749,84.653,84.828,78.185,79.192,82.42,80.483,80.88,80.87
Philippines,PHL,"Labor force participation rate, male (% of male population ages 15+) (modeled ILO estimate)",SL.TLF.CACT.MA.ZS,..,..,..,..,..,..,..,..,..,..,..,..,..,..,..,..,..,..,..,..,..,..,..,..,..,..,..,..,..,..,75.855,75.889,75.909,75.905,75.891,75.871,75.82,75.775,75.794,75.759,75.719,75.696,75.673,75.627,76.732,76.113,75.638,75.333,75.514,75.452,75.164,75.915,75.367,74.881,75.539,74.436,75.275,73.525,72.705,72.591,67.07,69,72.739,72.641,72.54,72.464
Poland,POL,"Labor force participation rate, male (% of male population ages 15+) (modeled ILO estimate)",SL.TLF.CACT.MA.ZS,..,..,..,..,..,..,..,..,..,..,..,..,..,..,..,..,..,..,..,..,..,..,..,..,..,..,..,..,..,..,69.43,69.746,69.427,68.701,67.646,66.574,65.982,65.298,64.607,63.708,62.971,63.543,62.679,62.263,62.098,62.596,62.147,62.001,62.762,63.454,64.171,64.478,64.801,64.862,65.246,65.256,65.614,66.016,65.847,65.996,66.132,67.082,66.927,66.852,65.976,65.591
Portugal,PRT,"Labor force participation rate, male (% of male population ages 15+) (modeled ILO estimate)",SL.TLF.CACT.MA.ZS,..,..,..,..,..,..,..,..,..,..,..,..,..,..,..,..,..,..,..,..,..,..,..,..,..,..,..,..,..,..,72.653,72.993,70.423,69.346,68.857,68.405,68.395,68.707,70.134,69.849,69.664,70.198,70.735,69.909,69.472,69.105,69.272,69.113,68.906,67.669,67.196,67.03,66.26,65.02,64.441,64.065,64.011,64.39,64.193,64.039,62.592,61.269,62.259,62.861,62.434,62.129
Post-demographic dividend,PST,"Labor force participation rate, male (% of male population ages 15+) (modeled ILO estimate)",SL.TLF.CACT.MA.ZS,..,..,..,..,..,..,..,..,..,..,..,..,..,..,..,..,..,..,..,..,..,..,..,..,..,..,..,..,..,..,72.221159,71.97775154,71.63648302,71.26322462,70.98108427,70.74348654,70.67738413,70.62006926,70.41534902,70.27281285,70.09606563,69.71594331,69.52855783,69.26319015,69.0462787,69.03374994,69.05428053,68.96944607,68.87155358,68.29659604,67.93419987,67.64829181,67.64043627,67.46302837,67.29330764,67.23855027,67.27407456,67.30740153,67.40194277,67.42577961,66.46248423,66.49215439,66.96772759,67.02511,66.81626651,66.5446773
Pre-demographic dividend,PRE,"Labor force participation rate, male (% of male population ages 15+) (modeled ILO estimate)",SL.TLF.CACT.MA.ZS,..,..,..,..,..,..,..,..,..,..,..,..,..,..,..,..,..,..,..,..,..,..,..,..,..,..,..,..,..,..,81.0664166,81.16276021,81.22906616,81.23628015,81.17622507,81.10197702,81.04975295,81.0094186,80.93265423,80.78859915,80.61302198,80.4712808,80.28523161,80.13792333,79.97493669,79.80292636,79.55348009,79.28330108,78.98546199,78.71705735,78.35415992,78.39560982,77.77054966,78.01191556,77.45218107,77.17113857,76.99964735,76.52111217,76.32044334,76.11123745,75.34056247,75.58228518,76.35513995,76.81188147,76.67002892,76.59478618
Puerto Rico (US),PRI,"Labor force participation rate, male (% of male population ages 15+) (modeled ILO estimate)",SL.TLF.CACT.MA.ZS,..,..,..,..,..,..,..,..,..,..,..,..,..,..,..,..,..,..,..,..,..,..,..,..,..,..,..,..,..,..,60.039,61.641,60.679,61.719,60.938,60.154,61.293,62.039,61.872,59.592,58.481,58.055,57.628,57.886,58.357,59.047,57.664,56.347,54.488,52.536,50.933,48.898,47.932,46.976,45.547,44.97,44.867,44.765,44.958,44.65,45.49,47.818,48.617,48.847,49.436,49.596
Qatar,QAT,"Labor force participation rate, male (% of male population ages 15+) (modeled ILO estimate)",SL.TLF.CACT.MA.ZS,..,..,..,..,..,..,..,..,..,..,..,..,..,..,..,..,..,..,..,..,..,..,..,..,..,..,..,..,..,..,95.23,95.294,95.175,95.342,95.513,95.708,95.893,95.539,95.274,95.168,95.082,95.162,95.259,95.475,95.349,95.28,94.828,94.659,95.116,95.798,95.87,95.65,95.586,95.596,95.526,95.498,95.503,95.543,95.667,95.858,95.871,94.687,95.365,95.584,95.769,95.555
Romania,ROU,"Labor force participation rate, male (% of male population ages 15+) (modeled ILO estimate)",SL.TLF.CACT.MA.ZS,..,..,..,..,..,..,..,..,..,..,..,..,..,..,..,..,..,..,..,..,..,..,..,..,..,..,..,..,..,..,59.48,59.804,60.259,60.347,60.238,59.939,59.778,60.144,60.431,60.64,60.676,60.447,60.197,60.193,59.926,59.845,59.783,59.775,59.802,56.305,59.452,58.706,59.092,59.227,59.756,60.794,60.536,61.265,61.518,61.868,62.048,63.021,62.869,62.134,61.846,61.68
Russian Federation,RUS,"Labor force participation rate, male (% of male population ages 15+) (modeled ILO estimate)",SL.TLF.CACT.MA.ZS,..,..,..,..,..,..,..,..,..,..,..,..,..,..,..,..,..,..,..,..,..,..,..,..,..,..,..,..,..,..,76.272,75.834,75.173,73.171,71.151,70.677,69.447,67.732,66.498,69.255,69.099,67.583,67.402,66.955,67.556,67.803,67.996,69.082,70.236,70.254,70.628,70.888,71.021,71.147,71.238,71.312,71.528,71.116,70.902,70.003,69.519,70.185,69.915,70.282,69.783,69.027
Rwanda,RWA,"Labor force participation rate, male (% of male population ages 15+) (modeled ILO estimate)",SL.TLF.CACT.MA.ZS,..,..,..,..,..,..,..,..,..,..,..,..,..,..,..,..,..,..,..,..,..,..,..,..,..,..,..,..,..,..,74.02,74.012,73.845,73.626,75.44,78.079,77.217,76.358,75.23,73.912,72.649,71.517,70.651,70.077,69.683,69.419,69.263,69.167,69.071,68.921,68.704,68.449,68.187,67.937,67.692,67.431,67.135,66.8,67.241,65.693,69.257,64.35,66.14,69.791,70.508,70.606
Samoa,WSM,"Labor force participation rate, male (% of male population ages 15+) (modeled ILO estimate)",SL.TLF.CACT.MA.ZS,..,..,..,..,..,..,..,..,..,..,..,..,..,..,..,..,..,..,..,..,..,..,..,..,..,..,..,..,..,..,68.24,68.421,68.552,68.556,68.955,68.905,68.864,69.134,69.269,69.366,69.268,68.983,68.78,68.626,68.571,68.328,68.253,68.235,68.07,68.114,67.835,67.654,67.861,67.887,67.878,67.708,67.365,67.33,65.243,62.891,60.097,57.892,56.519,55.907,55.203,54.502
San Marino,SMR,"Labor force participation rate, male (% of male population ages 15+) (modeled ILO estimate)",SL.TLF.CACT.MA.ZS,..,..,..,..,..,..,..,..,..,..,..,..,..,..,..,..,..,..,..,..,..,..,..,..,..,..,..,..,..,..,..,..,..,..,..,..,..,..,..,..,..,..,..,..,..,..,..,..,..,..,..,..,..,..,..,..,..,..,..,..,..,..,..,..,..,..
Sao Tome and Principe,STP,"Labor force participation rate, male (% of male population ages 15+) (modeled ILO estimate)",SL.TLF.CACT.MA.ZS,..,..,..,..,..,..,..,..,..,..,..,..,..,..,..,..,..,..,..,..,..,..,..,..,..,..,..,..,..,..,27.699,27.753,27.802,27.793,27.724,27.592,27.399,27.135,26.794,26.389,25.951,25.689,25.59,25.486,25.406,25.349,25.318,25.327,25.36,25.38,25.356,25.292,25.294,25.344,25.335,25.248,25.072,24.817,24.505,24.143,23.605,23.688,24.015,24.031,24.028,23.953
Saudi Arabia,SAU,"Labor force participation rate, male (% of male population ages 15+) (modeled ILO estimate)",SL.TLF.CACT.MA.ZS,..,..,..,..,..,..,..,..,..,..,..,..,..,..,..,..,..,..,..,..,..,..,..,..,..,..,..,..,..,..,79.829,79.7,79.751,78.842,77.889,76.914,75.883,74.844,73.795,72.785,74.031,72.258,70.723,69.43,68.393,67.633,67.162,67.374,67.819,68.255,70.048,71.966,74.31,76.648,78.024,79.084,79.816,79.213,79.542,81.389,80.834,79.968,80.562,83.024,83.521,83.331
Senegal,SEN,"Labor force participation rate, male (% of male population ages 15+) (modeled ILO estimate)",SL.TLF.CACT.MA.ZS,..,..,..,..,..,..,..,..,..,..,..,..,..,..,..,..,..,..,..,..,..,..,..,..,..,..,..,..,..,..,70.847,70.621,70.362,70.088,69.819,69.57,69.347,69.151,68.972,68.803,68.644,68.489,68.225,67.953,67.794,67.65,67.525,66.412,65.295,64.174,63.049,61.919,60.785,59.624,58.444,57.266,61.796,56.793,60.532,64.246,64.421,65.65,66.108,65.882,65.598,65.709
Serbia,SRB,"Labor force participation rate, male (% of male population ages 15+) (modeled ILO estimate)",SL.TLF.CACT.MA.ZS,..,..,..,..,..,..,..,..,..,..,..,..,..,..,..,..,..,..,..,..,..,..,..,..,..,..,..,..,..,..,69.547,69.752,69.695,69.467,68.871,68.17,67.348,66.375,65.769,66.53,65.963,65.414,64.924,64.548,64.057,63.631,63.32,62.803,61.852,59.755,58.456,58.791,59.261,60.211,60.473,60.105,61.602,61.944,62.456,62.253,61.446,64.207,64.837,65.628,66.56,66.525
Seychelles,SYC,"Labor force participation rate, male (% of male population ages 15+) (modeled ILO estimate)",SL.TLF.CACT.MA.ZS,..,..,..,..,..,..,..,..,..,..,..,..,..,..,..,..,..,..,..,..,..,..,..,..,..,..,..,..,..,..,..,..,..,..,..,..,..,..,..,..,..,..,..,..,..,..,..,..,..,..,..,..,..,..,..,..,..,..,..,..,..,..,..,..,..,..
Sierra Leone,SLE,"Labor force participation rate, male (% of male population ages 15+) (modeled ILO estimate)",SL.TLF.CACT.MA.ZS,..,..,..,..,..,..,..,..,..,..,..,..,..,..,..,..,..,..,..,..,..,..,..,..,..,..,..,..,..,..,63.572,63.655,63.749,63.843,63.94,64.039,64.135,64.223,64.316,64.439,64.538,64.585,64.612,64.614,66.309,65.477,64.636,63.785,62.925,62.057,61.181,60.298,59.408,58.512,57.609,57.326,57.041,56.754,56.465,56.082,55.548,55.793,55.762,55.525,55.384,55.172
Singapore,SGP,"Labor force participation rate, male (% of male population ages 15+) (modeled ILO estimate)",SL.TLF.CACT.MA.ZS,..,..,..,..,..,..,..,..,..,..,..,..,..,..,..,..,..,..,..,..,..,..,..,..,..,..,..,..,..,..,77.683,77.988,78.067,77.84,77.872,77.992,77.946,77.99,78.544,78.076,77.96,77.817,77.328,76.902,76.352,76.5,76.76,76.695,76.309,76.567,76.767,76.193,76.541,76.077,76.467,77,76.518,76.523,75.796,75.658,75.207,76.542,76.093,75.077,74.861,75.372
Sint Maarten (Dutch part),SXM,"Labor force participation rate, male (% of male population ages 15+) (modeled ILO estimate)",SL.TLF.CACT.MA.ZS,..,..,..,..,..,..,..,..,..,..,..,..,..,..,..,..,..,..,..,..,..,..,..,..,..,..,..,..,..,..,..,..,..,..,..,..,..,..,..,..,..,..,..,..,..,..,..,..,..,..,..,..,..,..,..,..,..,..,..,..,..,..,..,..,..,..
Slovak Republic,SVK,"Labor force participation rate, male (% of male population ages 15+) (modeled ILO estimate)",SL.TLF.CACT.MA.ZS,..,..,..,..,..,..,..,..,..,..,..,..,..,..,..,..,..,..,..,..,..,..,..,..,..,..,..,..,..,..,72.399,73.027,71.439,69.795,69.128,68.856,68.693,68.196,67.425,67.304,67.338,68.046,67.94,68.313,68.299,68.416,68.252,67.776,68.246,68.015,67.741,68.091,68.343,68.106,68.123,67.862,68.026,67.658,67.72,67.436,66.49,66.156,66.99,67.015,66.492,66.076
Slovenia,SVN,"Labor force participation rate, male (% of male population ages 15+) (modeled ILO estimate)",SL.TLF.CACT.MA.ZS,..,..,..,..,..,..,..,..,..,..,..,..,..,..,..,..,..,..,..,..,..,..,..,..,..,..,..,..,..,..,65.694,65.582,65.432,65.161,64.883,64.659,64.497,64.924,66.23,64.958,64.239,64.877,65.234,63.381,65.733,66.259,66.06,66.752,66.166,65.981,65.783,64.161,63.527,63.512,63.34,63.068,61.708,63.693,64.271,63.424,62.524,63.293,64.227,63.123,63.251,62.811
Small states,SST,"Labor force participation rate, male (% of male population ages 15+) (modeled ILO estimate)",SL.TLF.CACT.MA.ZS,..,..,..,..,..,..,..,..,..,..,..,..,..,..,..,..,..,..,..,..,..,..,..,..,..,..,..,..,..,..,74.94357992,74.67990906,74.23490613,73.85753666,73.87188669,73.7291175,73.25421381,73.00437393,72.66323643,72.24959682,71.72323242,71.44642762,71.00729765,71.32849068,70.99528835,70.56380891,70.62220696,70.49028234,70.08144387,69.67094045,69.37700394,69.17372975,68.84762183,69.02134416,68.9320372,68.77441749,68.6836718,68.72344188,68.74398188,68.64260443,66.38068875,66.42850643,68.00855603,68.30380913,68.00600152,67.8823436
Solomon Islands,SLB,"Labor force participation rate, male (% of male population ages 15+) (modeled ILO estimate)",SL.TLF.CACT.MA.ZS,..,..,..,..,..,..,..,..,..,..,..,..,..,..,..,..,..,..,..,..,..,..,..,..,..,..,..,..,..,..,84.817,84.687,84.36,84.342,84.204,84.018,84.14,84.364,84.509,84.709,85.42,85.883,86.165,86.152,86.109,86.078,86.144,86.215,86.193,86.251,86.093,86.001,86.062,86.044,86.146,86.223,86.168,86.174,86.181,86.193,85.37,85.498,86.195,86.168,86.158,86.188
"Somalia, Fed. Rep.",SOM,"Labor force participation rate, male (% of male population ages 15+) (modeled ILO estimate)",SL.TLF.CACT.MA.ZS,..,..,..,..,..,..,..,..,..,..,..,..,..,..,..,..,..,..,..,..,..,..,..,..,..,..,..,..,..,..,47.231,47.235,46.87,46.756,46.906,47.041,47.16,47.263,47.358,47.448,47.529,47.605,47.684,47.777,47.92,48.166,48.497,48.743,48.772,48.683,48.563,48.233,47.897,47.786,47.709,47.635,47.563,47.454,47.322,47.213,46.761,46.767,47.417,47.353,47.322,47.239
South Africa,ZAF,"Labor force participation rate, male (% of male population ages 15+) (modeled ILO estimate)",SL.TLF.CACT.MA.ZS,..,..,..,..,..,..,..,..,..,..,..,..,..,..,..,..,..,..,..,..,..,..,..,..,..,..,..,..,..,..,70.978,70.8,71.003,70.52,70.621,71.576,72.155,72.229,71.514,70.72,69.882,68.997,68.079,67.2,66.442,65.833,65.335,64.904,64.566,62.531,60.732,60.064,60.539,60.665,60.88,62.146,62.386,62.794,62.468,62.592,57.529,59.204,60.404,61.459,61.788,61.739
South Asia,SAS,"Labor force participation rate, male (% of male population ages 15+) (modeled ILO estimate)",SL.TLF.CACT.MA.ZS,..,..,..,..,..,..,..,..,..,..,..,..,..,..,..,..,..,..,..,..,..,..,..,..,..,..,..,..,..,..,83.87081684,83.83519731,83.78096479,83.72288954,83.67009452,83.69460439,83.76777887,83.82280271,83.89780897,83.96611128,83.9810492,83.65089616,83.32434693,82.99280317,82.65693734,82.32257021,81.84638376,81.25325769,80.65755967,80.06491495,79.47233282,79.06552052,78.68077664,78.46933849,78.18438423,77.86935404,77.50861696,77.31187943,76.94838522,76.61440092,75.73432679,76.02486408,76.4955707,76.99911155,77.37228783,77.38379884
South Asia (IDA & IBRD),TSA,"Labor force participation rate, male (% of male population ages 15+) (modeled ILO estimate)",SL.TLF.CACT.MA.ZS,..,..,..,..,..,..,..,..,..,..,..,..,..,..,..,..,..,..,..,..,..,..,..,..,..,..,..,..,..,..,83.87081684,83.83519731,83.78096479,83.72288954,83.67009452,83.69460439,83.76777887,83.82280271,83.89780897,83.96611128,83.9810492,83.65089616,83.32434693,82.99280317,82.65693734,82.32257021,81.84638376,81.25325769,80.65755967,80.06491495,79.47233282,79.06552052,78.68077664,78.46933849,78.18438423,77.86935404,77.50861696,77.31187943,76.94838522,76.61440092,75.73432679,76.02486408,76.4955707,76.99911155,77.37228783,77.38379884
South Sudan,SSD,"Labor force participation rate, male (% of male population ages 15+) (modeled ILO estimate)",SL.TLF.CACT.MA.ZS,..,..,..,..,..,..,..,..,..,..,..,..,..,..,..,..,..,..,..,..,..,..,..,..,..,..,..,..,..,..,77.876,77.895,77.975,78.116,78.18,78.22,78.329,78.372,78.207,78.006,77.931,77.949,78.097,78.239,78.12,77.78,77.386,76.961,76.555,76.221,75.727,75.23,75.02,74.975,75.466,75.967,76.502,77.535,77.436,76.372,75.642,75.824,76.657,76.638,..,..
Spain,ESP,"Labor force participation rate, male (% of male population ages 15+) (modeled ILO estimate)",SL.TLF.CACT.MA.ZS,..,..,..,..,..,..,..,..,..,..,..,..,..,..,..,..,..,..,..,..,..,..,..,..,..,..,..,..,..,..,67.417,67.064,66.084,65.62,65.135,64.243,64.308,64.493,64.775,65.121,65.784,65.424,66.029,66.797,67.175,68.001,68.44,68.448,68.52,67.753,67.269,66.72,66.176,65.708,65.121,64.916,64.455,64.109,63.697,63.507,62.168,62.632,63.137,62.652,62.732,62.23
Sri Lanka,LKA,"Labor force participation rate, male (% of male population ages 15+) (modeled ILO estimate)",SL.TLF.CACT.MA.ZS,..,..,..,..,..,..,..,..,..,..,..,..,..,..,..,..,..,..,..,..,..,..,..,..,..,..,..,..,..,..,77.627,77.063,76.366,75.879,76.367,74.412,75.63,75.598,76.698,77.467,75.35,75.208,75.079,74.959,74.84,74.722,74.608,74.5,74.398,74.303,74.202,73.44,74.294,71.9,71.684,73.716,73.933,73.584,72.114,72.195,71.145,70.141,69.622,66.948,67.937,67.772
St. Kitts and Nevis,KNA,"Labor force participation rate, male (% of male population ages 15+) (modeled ILO estimate)",SL.TLF.CACT.MA.ZS,..,..,..,..,..,..,..,..,..,..,..,..,..,..,..,..,..,..,..,..,..,..,..,..,..,..,..,..,..,..,..,..,..,..,..,..,..,..,..,..,..,..,..,..,..,..,..,..,..,..,..,..,..,..,..,..,..,..,..,..,..,..,..,..,..,..
St. Lucia,LCA,"Labor force participation rate, male (% of male population ages 15+) (modeled ILO estimate)",SL.TLF.CACT.MA.ZS,..,..,..,..,..,..,..,..,..,..,..,..,..,..,..,..,..,..,..,..,..,..,..,..,..,..,..,..,..,..,78.849,78.569,78.242,77.92,77.594,77.264,76.931,76.597,76.256,75.912,75.577,75.246,74.972,74.7,74.428,74.158,73.888,73.614,73.338,73.066,72.803,72.549,73.656,75.308,75.275,75.244,75.211,75.178,76.029,73.407,58.276,70.79,75.855,75.222,74.81,74.779
St. Martin (French part),MAF,"Labor force participation rate, male (% of male population ages 15+) (modeled ILO estimate)",SL.TLF.CACT.MA.ZS,..,..,..,..,..,..,..,..,..,..,..,..,..,..,..,..,..,..,..,..,..,..,..,..,..,..,..,..,..,..,..,..,..,..,..,..,..,..,..,..,..,..,..,..,..,..,..,..,..,..,..,..,..,..,..,..,..,..,..,..,..,..,..,..,..,..
St. Vincent and the Grenadines,VCT,"Labor force participation rate, male (% of male population ages 15+) (modeled ILO estimate)",SL.TLF.CACT.MA.ZS,..,..,..,..,..,..,..,..,..,..,..,..,..,..,..,..,..,..,..,..,..,..,..,..,..,..,..,..,..,..,80.686,80.763,80.674,80.672,80.886,80.744,80.835,80.816,80.743,80.695,80.662,80.623,80.492,80.318,80.223,80.161,79.908,79.766,79.691,79.613,79.561,79.295,79.022,78.787,78.583,78.336,78.051,77.841,77.594,77.427,76.393,76.565,77.068,76.777,76.489,76.281
Sub-Saharan Africa,SSF,"Labor force participation rate, male (% of male population ages 15+) (modeled ILO estimate)",SL.TLF.CACT.MA.ZS,..,..,..,..,..,..,..,..,..,..,..,..,..,..,..,..,..,..,..,..,..,..,..,..,..,..,..,..,..,..,80.46622545,80.52597386,80.63895825,80.6140173,80.65168465,80.77045379,80.79668364,80.77620249,80.6541842,80.46946808,80.26723996,80.09583426,79.88898408,79.72500992,79.55410529,79.39493841,79.16937304,78.9347454,78.68613317,78.34932412,77.94735606,77.96625324,77.51349201,77.7284435,77.12099434,76.85469618,76.6283473,76.10811732,75.87429088,75.65928072,74.54152014,74.77255389,75.28485365,75.75853194,75.661393,75.59649406
Sub-Saharan Africa (excluding high income),SSA,"Labor force participation rate, male (% of male population ages 15+) (modeled ILO estimate)",SL.TLF.CACT.MA.ZS,..,..,..,..,..,..,..,..,..,..,..,..,..,..,..,..,..,..,..,..,..,..,..,..,..,..,..,..,..,..,80.46622545,80.52597386,80.63895825,80.6140173,80.65168465,80.77045379,80.79668364,80.77620249,80.6541842,80.46946808,80.26723996,80.09583426,79.88898408,79.72500992,79.55410529,79.39493841,79.16937304,78.9347454,78.68613317,78.34932412,77.94735606,77.96625324,77.51349201,77.7284435,77.12099434,76.85469618,76.6283473,76.10811732,75.87429088,75.65928072,74.54152014,74.77255389,75.28485365,75.75853194,75.661393,75.59649406
Sub-Saharan Africa (IDA & IBRD countries),TSS,"Labor force participation rate, male (% of male population ages 15+) (modeled ILO estimate)",SL.TLF.CACT.MA.ZS,..,..,..,..,..,..,..,..,..,..,..,..,..,..,..,..,..,..,..,..,..,..,..,..,..,..,..,..,..,..,80.46622545,80.52597386,80.63895825,80.6140173,80.65168465,80.77045379,80.79668364,80.77620249,80.6541842,80.46946808,80.26723996,80.09583426,79.88898408,79.72500992,79.55410529,79.39493841,79.16937304,78.9347454,78.68613317,78.34932412,77.94735606,77.96625324,77.51349201,77.7284435,77.12099434,76.85469618,76.6283473,76.10811732,75.87429088,75.65928072,74.54152014,74.77255389,75.28485365,75.75853194,75.661393,75.59649406
Sudan,SDN,"Labor force participation rate, male (% of male population ages 15+) (modeled ILO estimate)",SL.TLF.CACT.MA.ZS,..,..,..,..,..,..,..,..,..,..,..,..,..,..,..,..,..,..,..,..,..,..,..,..,..,..,..,..,..,..,76.892,76.617,76.339,76.033,75.718,75.409,75.164,75.085,74.902,74.677,74.427,74.161,73.894,73.658,73.429,73.182,72.93,72.64,72.249,71.805,70.981,70.123,69.557,68.797,67.857,66.868,65.893,64.869,63.954,63.245,62.22,61.919,61.649,..,..,..
Suriname,SUR,"Labor force participation rate, male (% of male population ages 15+) (modeled ILO estimate)",SL.TLF.CACT.MA.ZS,..,..,..,..,..,..,..,..,..,..,..,..,..,..,..,..,..,..,..,..,..,..,..,..,..,..,..,..,..,..,64.014,63.948,63.902,63.911,63.859,63.739,62.899,62.056,61.21,60.363,60.739,61.115,61.491,61.868,62.269,62.691,63.107,63.519,63.927,64.331,64.731,65.128,65.52,65.907,66.288,66.664,67.039,66.926,66.757,66.647,62.431,62.987,62.966,62.939,62.913,62.868
Sweden,SWE,"Labor force participation rate, male (% of male population ages 15+) (modeled ILO estimate)",SL.TLF.CACT.MA.ZS,..,..,..,..,..,..,..,..,..,..,..,..,..,..,..,..,..,..,..,..,..,..,..,..,..,..,..,..,..,..,71.433,70.608,69.151,67.689,67.042,67.626,67.109,67,66.99,66.993,66.039,66.956,66.731,66.62,66.486,67.488,67.561,67.804,67.993,67.432,67.505,67.613,67.403,67.641,67.568,67.319,67.489,67.757,67.742,67.846,67.708,67.635,68.051,68.16,67.772,67.633
Switzerland,CHE,"Labor force participation rate, male (% of male population ages 15+) (modeled ILO estimate)",SL.TLF.CACT.MA.ZS,..,..,..,..,..,..,..,..,..,..,..,..,..,..,..,..,..,..,..,..,..,..,..,..,..,..,..,..,..,..,78.594,78.703,78.141,78.113,76.904,77.012,78.737,78.47,78.408,78.018,77.67,77.358,76.702,76.745,75.912,75.041,75.34,75.71,75.416,75.233,74.332,74.742,74.547,74.242,74.214,74.278,74.575,74.546,74.307,73.719,73.483,72.981,72.361,72.664,71.789,71.378
Syrian Arab Republic,SYR,"Labor force participation rate, male (% of male population ages 15+) (modeled ILO estimate)",SL.TLF.CACT.MA.ZS,..,..,..,..,..,..,..,..,..,..,..,..,..,..,..,..,..,..,..,..,..,..,..,..,..,..,..,..,..,..,82.83,82.514,81.84,81.589,79.674,77.723,79.543,81.244,82.832,81.948,80.854,79.657,78.439,77.2,76.944,76.619,76.238,74.28,73.473,72.653,72.396,71.843,64.939,62.687,62.942,63.131,63.216,63.225,63.149,62.979,59.785,60.446,62.205,61.9,61.654,61.446
Tajikistan,TJK,"Labor force participation rate, male (% of male population ages 15+) (modeled ILO estimate)",SL.TLF.CACT.MA.ZS,..,..,..,..,..,..,..,..,..,..,..,..,..,..,..,..,..,..,..,..,..,..,..,..,..,..,..,..,..,..,66.648,66.641,66.655,66.703,66.736,66.736,66.733,66.737,66.749,66.769,66.783,66.788,66.792,66.798,65.344,63.835,62.27,60.652,58.982,57.261,57.427,57.583,57.686,57.732,57.762,57.77,57.759,56.772,55.72,54.739,54.227,54.723,55.424,55.665,55.887,55.781
Tanzania,TZA,"Labor force participation rate, male (% of male population ages 15+) (modeled ILO estimate)",SL.TLF.CACT.MA.ZS,..,..,..,..,..,..,..,..,..,..,..,..,..,..,..,..,..,..,..,..,..,..,..,..,..,..,..,..,..,..,89.39,89.317,89.241,89.043,88.729,88.563,88.654,88.72,88.684,88.653,88.605,88.596,88.81,89.021,89.229,89.434,89.636,89.44,89.245,89.054,88.862,88.668,88.472,88.274,88.075,87.96,87.813,87.689,87.598,87.522,86.493,87.196,87.431,87.362,87.368,87.306
Thailand,THA,"Labor force participation rate, male (% of male population ages 15+) (modeled ILO estimate)",SL.TLF.CACT.MA.ZS,..,..,..,..,..,..,..,..,..,..,..,..,..,..,..,..,..,..,..,..,..,..,..,..,..,..,..,..,..,..,84.951,84.884,84.837,84.779,84.702,84.201,83.675,83.365,82.93,81.735,81.711,82.222,81.804,81.408,81.607,81.207,81.062,81.31,81.259,81.394,80.008,81.009,80.969,78.584,78.585,77.922,76.921,76.179,76.527,75.485,75.454,75.251,75.318,75.858,75.353,74.981
Timor-Leste,TLS,"Labor force participation rate, male (% of male population ages 15+) (modeled ILO estimate)",SL.TLF.CACT.MA.ZS,..,..,..,..,..,..,..,..,..,..,..,..,..,..,..,..,..,..,..,..,..,..,..,..,..,..,..,..,..,..,76.697,76.61,76.505,76.394,76.371,76.32,76.165,76.113,76.257,77.464,74.886,74.439,74.892,74.99,74.88,74.775,75.063,74.687,74.187,73.67,73.196,72.954,72.804,72.696,72.492,72.381,72.31,72.563,72.717,71.92,71.327,71.685,71.911,72.338,72.032,72.247
Togo,TGO,"Labor force participation rate, male (% of male population ages 15+) (modeled ILO estimate)",SL.TLF.CACT.MA.ZS,..,..,..,..,..,..,..,..,..,..,..,..,..,..,..,..,..,..,..,..,..,..,..,..,..,..,..,..,..,..,64.298,64.093,63.878,63.653,63.415,63.184,62.942,62.654,62.338,62.051,61.814,61.634,61.495,61.363,61.22,61.097,60.951,60.825,60.752,60.724,60.761,60.797,60.805,60.777,60.716,60.631,60.527,60.403,60.258,60.097,59.525,59.748,59.62,59.34,59.155,59.041
Tonga,TON,"Labor force participation rate, male (% of male population ages 15+) (modeled ILO estimate)",SL.TLF.CACT.MA.ZS,..,..,..,..,..,..,..,..,..,..,..,..,..,..,..,..,..,..,..,..,..,..,..,..,..,..,..,..,..,..,75.62,75.408,75.211,74.984,74.689,74.374,73.964,73.614,73.373,73.119,72.857,72.603,72.349,72.093,71.818,71.49,71.105,70.783,70.545,70.286,69.912,69.46,69.054,68.688,68.288,67.821,67.324,66.928,66.562,65.609,63.93,62.811,61.821,60.34,59.68,58.977
Trinidad and Tobago,TTO,"Labor force participation rate, male (% of male population ages 15+) (modeled ILO estimate)",SL.TLF.CACT.MA.ZS,..,..,..,..,..,..,..,..,..,..,..,..,..,..,..,..,..,..,..,..,..,..,..,..,..,..,..,..,..,..,75.292,75.357,75.15,75.254,76.576,77.706,77.253,77.666,78.047,78.248,78.253,77.77,77.29,77.625,77.968,78.31,78.084,78.529,77.509,77.337,75.869,74.905,74.778,74.807,74.839,74.584,72.589,71.932,71.285,70.628,68.292,66.708,66.977,68.833,68.516,68.103
Tunisia,TUN,"Labor force participation rate, male (% of male population ages 15+) (modeled ILO estimate)",SL.TLF.CACT.MA.ZS,..,..,..,..,..,..,..,..,..,..,..,..,..,..,..,..,..,..,..,..,..,..,..,..,..,..,..,..,..,..,75.045,75.058,74.71,74.722,74.638,74.5,74.38,74.268,73.61,72.924,72.214,71.493,70.763,70.024,69.329,68.709,68.766,69.012,69.225,69.992,70.574,71.087,71.577,70.815,70.248,69.7,69.601,69.345,70.729,72.024,65.611,64.632,66.206,65.717,65.271,64.863
Turkiye,TUR,"Labor force participation rate, male (% of male population ages 15+) (modeled ILO estimate)",SL.TLF.CACT.MA.ZS,..,..,..,..,..,..,..,..,..,..,..,..,..,..,..,..,..,..,..,..,..,..,..,..,..,..,..,..,..,..,79.187,79.917,79.332,77.621,78.145,77.472,77.064,76.479,76.534,75.618,73.553,72.738,71.483,70.329,69.716,70.009,69.39,69.297,69.71,70.115,70.342,71.258,70.735,71.225,71.051,71.384,71.827,72.346,72.533,71.834,68.054,70.165,71.322,71.106,71.873,71.887
Turkmenistan,TKM,"Labor force participation rate, male (% of male population ages 15+) (modeled ILO estimate)",SL.TLF.CACT.MA.ZS,..,..,..,..,..,..,..,..,..,..,..,..,..,..,..,..,..,..,..,..,..,..,..,..,..,..,..,..,..,..,52.015,52.754,54.814,54.896,57.529,58.774,58.124,60.03,59.297,57.473,57.04,56.752,56.977,56.816,56.441,55.165,54.167,53.212,51.986,51.6,50.964,49.947,49.277,48.72,48.201,47.944,47.715,47.48,47.269,47.061,45.817,45.89,46.333,46.055,46.28,46.104
Turks and Caicos Islands,TCA,"Labor force participation rate, male (% of male population ages 15+) (modeled ILO estimate)",SL.TLF.CACT.MA.ZS,..,..,..,..,..,..,..,..,..,..,..,..,..,..,..,..,..,..,..,..,..,..,..,..,..,..,..,..,..,..,..,..,..,..,..,..,..,..,..,..,..,..,..,..,..,..,..,..,..,..,..,..,..,..,..,..,..,..,..,..,..,..,..,..,..,..
Tuvalu,TUV,"Labor force participation rate, male (% of male population ages 15+) (modeled ILO estimate)",SL.TLF.CACT.MA.ZS,..,..,..,..,..,..,..,..,..,..,..,..,..,..,..,..,..,..,..,..,..,..,..,..,..,..,..,..,..,..,..,..,..,..,..,..,..,..,..,..,..,..,..,..,..,..,..,..,..,..,..,..,..,..,..,..,..,..,..,..,..,..,..,..,..,..
Uganda,UGA,"Labor force participation rate, male (% of male population ages 15+) (modeled ILO estimate)",SL.TLF.CACT.MA.ZS,..,..,..,..,..,..,..,..,..,..,..,..,..,..,..,..,..,..,..,..,..,..,..,..,..,..,..,..,..,..,75.986,76.055,76.15,76.22,76.378,76.705,77.028,77.276,77.459,77.479,77.552,77.576,77.489,77.379,77.3,77.215,77.05,76.874,76.647,76.404,76.149,82.506,74.565,87.274,78.849,77.539,76.072,74.42,78.044,80.787,82.221,84.131,84.899,84.746,84.573,84.642
Ukraine,UKR,"Labor force participation rate, male (% of male population ages 15+) (modeled ILO estimate)",SL.TLF.CACT.MA.ZS,..,..,..,..,..,..,..,..,..,..,..,..,..,..,..,..,..,..,..,..,..,..,..,..,..,..,..,..,..,..,66.766,66.325,65.881,65.439,64.998,64.556,64.114,63.669,63.22,62.772,62.325,61.879,61.43,60.98,60.529,60.081,59.631,60.45,60.817,61.182,61.545,61.907,62.266,62.624,62.983,63.341,63.696,64.05,64.402,64.754,63.384,62.831,..,..,..,..
United Arab Emirates,ARE,"Labor force participation rate, male (% of male population ages 15+) (modeled ILO estimate)",SL.TLF.CACT.MA.ZS,..,..,..,..,..,..,..,..,..,..,..,..,..,..,..,..,..,..,..,..,..,..,..,..,..,..,..,..,..,..,89.796,89.96,90.272,90.831,91.354,91.915,91.731,90.887,90.251,89.842,89.624,89.67,89.937,90.371,90.939,91.57,91.967,91.984,91.604,91.027,91.191,91.597,91.824,91.959,92.047,92.121,92.393,92.135,92.545,91.67,88.88,90.216,89.288,91.409,91.578,91.55
United Kingdom,GBR,"Labor force participation rate, male (% of male population ages 15+) (modeled ILO estimate)",SL.TLF.CACT.MA.ZS,..,..,..,..,..,..,..,..,..,..,..,..,..,..,..,..,..,..,..,..,..,..,..,..,..,..,..,..,..,..,73.812,73.157,72.225,71.048,70.619,70.242,69.928,69.823,69.564,69.642,69.706,69.05,68.964,69.228,68.863,69.01,69.339,69.249,69.411,68.836,68.502,68.289,68.441,68.123,68.084,68.103,68.043,67.835,67.99,67.457,67.093,66.127,66.317,66.46,65.819,65.596
United States,USA,"Labor force participation rate, male (% of male population ages 15+) (modeled ILO estimate)",SL.TLF.CACT.MA.ZS,..,..,..,..,..,..,..,..,..,..,..,..,..,..,..,..,..,..,..,..,..,..,..,..,..,..,..,..,..,..,75.145,74.641,74.693,74.32,74.006,74.008,74.042,74.087,73.927,73.827,73.85,73.42,73.024,72.403,72.237,72.226,72.348,72.053,71.814,70.806,70.065,69.573,69.532,69.181,68.754,68.638,68.794,68.715,68.715,68.821,67.396,67.359,67.55,67.553,67.353,67.058
Upper middle income,UMC,"Labor force participation rate, male (% of male population ages 15+) (modeled ILO estimate)",SL.TLF.CACT.MA.ZS,..,..,..,..,..,..,..,..,..,..,..,..,..,..,..,..,..,..,..,..,..,..,..,..,..,..,..,..,..,..,82.53064023,82.31228998,82.01032358,81.64154572,81.43330062,81.05106687,80.60172874,80.3228032,79.94119319,79.53987701,79.08289838,78.90744527,78.59984319,78.34531274,78.24891873,77.96532755,77.73119303,77.55200278,77.34663356,77.1758162,76.91763535,76.8379899,76.58837765,76.14904558,75.88583781,75.64556446,75.28942199,74.92140584,74.58629227,74.25589857,71.97558613,72.98832057,72.94346255,72.96627882,72.42586264,72.12749587
Uruguay,URY,"Labor force participation rate, male (% of male population ages 15+) (modeled ILO estimate)",SL.TLF.CACT.MA.ZS,..,..,..,..,..,..,..,..,..,..,..,..,..,..,..,..,..,..,..,..,..,..,..,..,..,..,..,..,..,..,73.028,72.767,71.859,70.87,72.344,73.248,74.725,74.279,73.834,72.206,72.386,72.857,71.332,69.855,70.886,70.101,73.355,75.189,74.522,75.274,74.587,76.094,74.808,75.277,75.71,74.39,73.661,72.918,72.117,71.673,68.6,70.359,71.383,73.371,73.458,73.399
Uzbekistan,UZB,"Labor force participation rate, male (% of male population ages 15+) (modeled ILO estimate)",SL.TLF.CACT.MA.ZS,..,..,..,..,..,..,..,..,..,..,..,..,..,..,..,..,..,..,..,..,..,..,..,..,..,..,..,..,..,..,74.554,75.306,75.605,75.878,76.049,76.006,75.634,75.398,75.225,75.077,74.569,74.263,73.703,73.276,72.927,72.56,72.002,71.648,71.495,72.016,71.878,72.302,72.573,72.638,72.922,73.202,73.402,73.364,73.452,73.457,72.039,72.579,74.38,74.358,74.241,73.933
Vanuatu,VUT,"Labor force participation rate, male (% of male population ages 15+) (modeled ILO estimate)",SL.TLF.CACT.MA.ZS,..,..,..,..,..,..,..,..,..,..,..,..,..,..,..,..,..,..,..,..,..,..,..,..,..,..,..,..,..,..,79.534,79.531,79.529,79.534,79.52,79.536,79.546,79.545,79.558,79.573,79.57,79.603,79.623,79.633,79.642,79.649,79.644,77.594,75.397,73.051,70.552,69.78,68.997,68.203,67.397,66.582,65.756,64.921,64.078,63.226,62.634,61.956,63.243,63.221,63.193,62.946
"Venezuela, RB",VEN,"Labor force participation rate, male (% of male population ages 15+) (modeled ILO estimate)",SL.TLF.CACT.MA.ZS,..,..,..,..,..,..,..,..,..,..,..,..,..,..,..,..,..,..,..,..,..,..,..,..,..,..,..,..,..,..,79.774,80.255,80.316,80.395,80.408,80.674,80.189,80.692,80.234,79.989,80.46,80.068,79.241,79.026,80.274,79.499,80.117,79.531,79.29,78.518,78.567,78.076,77.208,76.672,76.128,75.579,75.026,74.189,72.125,68.58,60.016,60.412,67.23,67.349,67.524,67.523
Viet Nam,VNM,"Labor force participation rate, male (% of male population ages 15+) (modeled ILO estimate)",SL.TLF.CACT.MA.ZS,..,..,..,..,..,..,..,..,..,..,..,..,..,..,..,..,..,..,..,..,..,..,..,..,..,..,..,..,..,..,81.901,81.833,81.659,81.51,81.338,81.142,80.956,80.062,79.122,78.106,77.088,78.609,78.296,78.157,78.21,78.453,78.814,79.286,80.008,80.566,81.233,81.466,81.067,81.962,81.945,82.417,81.789,82.197,82.408,82.088,80.025,78.712,79.432,78.201,77.684,77.328
Virgin Islands (U.S.),VIR,"Labor force participation rate, male (% of male population ages 15+) (modeled ILO estimate)",SL.TLF.CACT.MA.ZS,..,..,..,..,..,..,..,..,..,..,..,..,..,..,..,..,..,..,..,..,..,..,..,..,..,..,..,..,..,..,72.288,76.648,77.733,77.601,77.341,72.166,67.406,66.391,65.522,63.748,64.477,66.845,65.541,63.804,65.402,66.034,65.943,66.109,65.508,65.593,63.323,64.213,63.74,60.361,59.609,61.998,61.357,62.012,57.429,54.2,54.467,55.509,56.322,56.331,56.339,56.181
West Bank and Gaza,PSE,"Labor force participation rate, male (% of male population ages 15+) (modeled ILO estimate)",SL.TLF.CACT.MA.ZS,..,..,..,..,..,..,..,..,..,..,..,..,..,..,..,..,..,..,..,..,..,..,..,..,..,..,..,..,..,..,69.404,69.317,69.009,68.921,68.843,68.658,68.796,68.258,67.629,67.315,67.967,63.147,61.787,65.162,63.833,64.854,64.178,65.29,64.562,65.034,66.578,67.747,67.876,68.521,68.467,70.799,71.022,71.297,70.197,71.143,66.394,70.215,72.095,..,..,..
World,WLD,"Labor force participation rate, male (% of male population ages 15+) (modeled ILO estimate)",SL.TLF.CACT.MA.ZS,..,..,..,..,..,..,..,..,..,..,..,..,..,..,..,..,..,..,..,..,..,..,..,..,..,..,..,..,..,..,80.00755259,79.84787297,79.65245233,79.36821293,79.17082729,78.97253509,78.7623801,78.62640327,78.39784788,78.30892779,78.06875985,77.79975639,77.54552199,77.3242642,77.21069859,77.02541508,76.83084108,76.62624598,76.42028645,76.09680029,75.86205907,75.71693608,75.49549426,75.28721862,75.01857944,74.79869054,74.56225465,74.2761319,74.07548909,73.82414935,72.35902476,72.93036849,73.19743826,73.40663035,73.22340845,73.05638644
"Yemen, Rep.",YEM,"Labor force participation rate, male (% of male population ages 15+) (modeled ILO estimate)",SL.TLF.CACT.MA.ZS,..,..,..,..,..,..,..,..,..,..,..,..,..,..,..,..,..,..,..,..,..,..,..,..,..,..,..,..,..,..,73.317,73.036,72.627,72.535,72.232,71.971,71.698,71.384,71.033,70.694,70.444,70.201,69.967,69.749,69.564,69.433,69.338,69.261,69.204,69.168,69.153,68.703,68.279,67.861,67.448,58.503,59.031,59.494,59.865,60.191,59.781,59.474,60.983,61.182,61.369,61.229
Zambia,ZMB,"Labor force participation rate, male (% of male population ages 15+) (modeled ILO estimate)",SL.TLF.CACT.MA.ZS,..,..,..,..,..,..,..,..,..,..,..,..,..,..,..,..,..,..,..,..,..,..,..,..,..,..,..,..,..,..,69.298,69.237,69.191,69.165,69.171,69.202,69.235,69.219,69.174,69.108,68.987,68.774,68.551,68.353,68.171,67.994,67.808,67.622,67.429,67.236,67.053,66.896,66.735,66.539,66.296,66.024,65.72,65.388,65.043,67.179,67.566,66.285,65.294,67.759,67.629,67.628
Zimbabwe,ZWE,"Labor force participation rate, male (% of male population ages 15+) (modeled ILO estimate)",SL.TLF.CACT.MA.ZS,..,..,..,..,..,..,..,..,..,..,..,..,..,..,..,..,..,..,..,..,..,..,..,..,..,..,..,..,..,..,75.651,75.202,75.395,75.716,75.423,74.869,74.054,73.175,72.346,71.664,71.209,70.904,70.798,70.897,71.082,71.296,71.421,71.523,71.741,72.044,72.39,72.71,73.009,73.218,73.248,73.142,72.924,72.624,72.277,71.913,70.954,71.715,71.707,74.446,74.358,74.264
,,,,,,,,,,,,,,,,,,,,,,,,,,,,,,,,,,,,,,,,,,,,,,,,,,,,,,,,,,,,,,,,,,,,,
,,,,,,,,,,,,,,,,,,,,,,,,,,,,,,,,,,,,,,,,,,,,,,,,,,,,,,,,,,,,,,,,,,,,,
,,,,,,,,,,,,,,,,,,,,,,,,,,,,,,,,,,,,,,,,,,,,,,,,,,,,,,,,,,,,,,,,,,,,,
Data from database: World Development Indicators,,,,,,,,,,,,,,,,,,,,,,,,,,,,,,,,,,,,,,,,,,,,,,,,,,,,,,,,,,,,,,,,,,,,,
Last Updated: 07/13/2026,,,,,,,,,,,,,,,,,,,,,,,,,,,,,,,,,,,,,,,,,,,,,,,,,,,,,,,,,,,,,,,,,,,,,
